Time, Position, Rotation
15:36:50:422,(1.325. 0.817. 2.792),(0.854. -0.148. 0.067. 0.494)
15:36:50:447,(1.325. 0.817. 2.791),(0.853. -0.149. 0.066. 0.495)
15:36:50:462,(1.325. 0.817. 2.791),(0.854. -0.148. 0.067. 0.495)
15:36:50:476,(1.325. 0.817. 2.792),(0.854. -0.148. 0.067. 0.495)
15:36:50:488,(1.325. 0.817. 2.792),(0.854. -0.148. 0.067. 0.495)
15:36:50:5,(1.325. 0.817. 2.792),(0.854. -0.148. 0.067. 0.495)
15:36:50:51,(1.325. 0.817. 2.792),(0.854. -0.148. 0.067. 0.495)
15:36:50:521,(1.325. 0.817. 2.792),(0.854. -0.148. 0.067. 0.495)
15:36:50:531,(1.325. 0.817. 2.792),(0.854. -0.148. 0.067. 0.495)
15:36:50:541,(1.325. 0.817. 2.792),(0.854. -0.148. 0.067. 0.495)
15:36:50:552,(1.325. 0.817. 2.792),(0.854. -0.148. 0.066. 0.495)
15:36:50:563,(1.325. 0.817. 2.792),(0.854. -0.149. 0.066. 0.495)
15:36:50:574,(1.325. 0.817. 2.792),(0.854. -0.149. 0.066. 0.495)
15:36:50:585,(1.325. 0.817. 2.792),(0.854. -0.149. 0.066. 0.495)
15:36:50:596,(1.325. 0.817. 2.792),(0.854. -0.149. 0.066. 0.495)
15:36:50:608,(1.325. 0.817. 2.792),(0.854. -0.149. 0.066. 0.495)
15:36:50:619,(1.326. 0.817. 2.792),(0.854. -0.149. 0.066. 0.495)
15:36:50:63,(1.326. 0.817. 2.792),(0.854. -0.149. 0.066. 0.495)
15:36:50:641,(1.326. 0.817. 2.792),(0.854. -0.148. 0.066. 0.494)
15:36:50:652,(1.326. 0.817. 2.792),(0.854. -0.148. 0.066. 0.494)
15:36:50:663,(1.326. 0.817. 2.792),(0.854. -0.148. 0.066. 0.494)
15:36:50:674,(1.326. 0.817. 2.792),(0.854. -0.148. 0.066. 0.495)
15:36:50:685,(1.326. 0.817. 2.792),(0.854. -0.149. 0.066. 0.495)
15:36:50:697,(1.326. 0.817. 2.792),(0.854. -0.149. 0.066. 0.495)
15:36:50:708,(1.326. 0.817. 2.792),(0.854. -0.149. 0.066. 0.495)
15:36:50:719,(1.325. 0.817. 2.792),(0.854. -0.149. 0.066. 0.494)
15:36:50:729,(1.326. 0.817. 2.792),(0.854. -0.149. 0.066. 0.494)
15:36:50:74,(1.325. 0.817. 2.792),(0.854. -0.149. 0.065. 0.494)
15:36:50:752,(1.325. 0.817. 2.792),(0.854. -0.149. 0.066. 0.494)
15:36:50:763,(1.325. 0.817. 2.792),(0.854. -0.148. 0.066. 0.494)
15:36:50:774,(1.325. 0.817. 2.792),(0.854. -0.148. 0.066. 0.494)
15:36:50:785,(1.326. 0.817. 2.792),(0.854. -0.148. 0.066. 0.494)
15:36:50:796,(1.326. 0.817. 2.792),(0.854. -0.148. 0.066. 0.494)
15:36:50:807,(1.326. 0.817. 2.792),(0.854. -0.148. 0.066. 0.494)
15:36:50:818,(1.326. 0.817. 2.792),(0.854. -0.149. 0.066. 0.494)
15:36:50:829,(1.326. 0.817. 2.792),(0.854. -0.149. 0.066. 0.495)
15:36:50:84,(1.326. 0.817. 2.792),(0.854. -0.149. 0.065. 0.495)
15:36:50:851,(1.326. 0.817. 2.792),(0.854. -0.149. 0.065. 0.495)
15:36:50:863,(1.326. 0.817. 2.792),(0.854. -0.149. 0.065. 0.495)
15:36:50:874,(1.326. 0.817. 2.792),(0.854. -0.148. 0.066. 0.494)
15:36:50:885,(1.326. 0.817. 2.792),(0.854. -0.148. 0.066. 0.494)
15:36:50:896,(1.326. 0.817. 2.792),(0.854. -0.148. 0.066. 0.494)
15:36:50:907,(1.326. 0.817. 2.792),(0.854. -0.148. 0.066. 0.494)
15:36:50:919,(1.326. 0.817. 2.792),(0.854. -0.148. 0.066. 0.494)
15:36:50:929,(1.326. 0.817. 2.792),(0.854. -0.148. 0.066. 0.494)
15:36:50:941,(1.326. 0.817. 2.792),(0.854. -0.148. 0.065. 0.495)
15:36:50:952,(1.326. 0.817. 2.792),(0.854. -0.149. 0.065. 0.494)
15:36:50:963,(1.326. 0.817. 2.792),(0.854. -0.149. 0.065. 0.495)
15:36:50:974,(1.326. 0.817. 2.792),(0.854. -0.149. 0.066. 0.495)
15:36:50:989,(1.326. 0.817. 2.792),(0.854. -0.148. 0.066. 0.495)
15:36:50:999,(1.326. 0.817. 2.792),(0.854. -0.148. 0.066. 0.494)
15:36:51:009,(1.326. 0.817. 2.792),(0.854. -0.148. 0.066. 0.494)
15:36:51:019,(1.326. 0.817. 2.792),(0.854. -0.148. 0.066. 0.494)
15:36:51:03,(1.326. 0.817. 2.792),(0.854. -0.148. 0.066. 0.494)
15:36:51:041,(1.326. 0.817. 2.792),(0.854. -0.148. 0.066. 0.494)
15:36:51:052,(1.326. 0.817. 2.792),(0.854. -0.148. 0.066. 0.494)
15:36:51:063,(1.326. 0.817. 2.792),(0.854. -0.148. 0.066. 0.494)
15:36:51:075,(1.326. 0.817. 2.792),(0.854. -0.148. 0.066. 0.494)
15:36:51:086,(1.326. 0.817. 2.792),(0.854. -0.148. 0.066. 0.494)
15:36:51:097,(1.326. 0.817. 2.792),(0.854. -0.148. 0.066. 0.494)
15:36:51:107,(1.326. 0.817. 2.792),(0.854. -0.148. 0.066. 0.494)
15:36:51:121,(1.326. 0.817. 2.792),(0.854. -0.148. 0.066. 0.494)
15:36:51:14,(1.325. 0.817. 2.792),(0.854. -0.148. 0.066. 0.494)
15:36:51:151,(1.325. 0.817. 2.792),(0.854. -0.148. 0.066. 0.494)
15:36:51:163,(1.325. 0.817. 2.792),(0.854. -0.148. 0.066. 0.494)
15:36:51:174,(1.325. 0.817. 2.792),(0.854. -0.148. 0.066. 0.494)
15:36:51:185,(1.326. 0.817. 2.792),(0.854. -0.148. 0.066. 0.494)
15:36:51:196,(1.326. 0.817. 2.792),(0.854. -0.148. 0.066. 0.494)
15:36:51:207,(1.326. 0.817. 2.792),(0.854. -0.148. 0.066. 0.494)
15:36:51:218,(1.326. 0.817. 2.792),(0.854. -0.148. 0.066. 0.494)
15:36:51:23,(1.326. 0.817. 2.792),(0.854. -0.148. 0.066. 0.495)
15:36:51:241,(1.326. 0.817. 2.792),(0.854. -0.148. 0.066. 0.495)
15:36:51:251,(1.326. 0.817. 2.792),(0.854. -0.148. 0.066. 0.494)
15:36:51:262,(1.326. 0.817. 2.792),(0.854. -0.148. 0.066. 0.495)
15:36:51:273,(1.326. 0.817. 2.792),(0.854. -0.148. 0.066. 0.495)
15:36:51:284,(1.326. 0.817. 2.792),(0.854. -0.148. 0.066. 0.495)
15:36:51:295,(1.326. 0.817. 2.792),(0.854. -0.148. 0.066. 0.495)
15:36:51:306,(1.326. 0.817. 2.792),(0.854. -0.148. 0.066. 0.495)
15:36:51:317,(1.325. 0.817. 2.792),(0.854. -0.148. 0.066. 0.495)
15:36:51:329,(1.326. 0.817. 2.792),(0.854. -0.148. 0.066. 0.495)
15:36:51:34,(1.326. 0.817. 2.792),(0.854. -0.148. 0.066. 0.495)
15:36:51:351,(1.326. 0.817. 2.792),(0.854. -0.148. 0.066. 0.494)
15:36:51:362,(1.326. 0.817. 2.792),(0.854. -0.148. 0.066. 0.495)
15:36:51:374,(1.326. 0.817. 2.792),(0.854. -0.148. 0.066. 0.495)
15:36:51:385,(1.326. 0.817. 2.792),(0.854. -0.148. 0.066. 0.495)
15:36:51:396,(1.326. 0.817. 2.792),(0.854. -0.148. 0.066. 0.495)
15:36:51:407,(1.326. 0.817. 2.792),(0.854. -0.148. 0.066. 0.495)
15:36:51:418,(1.326. 0.817. 2.792),(0.854. -0.148. 0.066. 0.494)
15:36:51:429,(1.326. 0.817. 2.792),(0.854. -0.148. 0.066. 0.494)
15:36:51:44,(1.326. 0.817. 2.792),(0.854. -0.148. 0.066. 0.494)
15:36:51:451,(1.326. 0.817. 2.792),(0.854. -0.148. 0.066. 0.494)
15:36:51:463,(1.326. 0.817. 2.792),(0.854. -0.148. 0.066. 0.495)
15:36:51:473,(1.325. 0.817. 2.792),(0.854. -0.148. 0.066. 0.495)
15:36:51:485,(1.326. 0.817. 2.792),(0.854. -0.148. 0.066. 0.495)
15:36:51:496,(1.326. 0.817. 2.792),(0.854. -0.148. 0.066. 0.495)
15:36:51:507,(1.326. 0.817. 2.792),(0.854. -0.148. 0.066. 0.495)
15:36:51:518,(1.326. 0.817. 2.792),(0.854. -0.148. 0.066. 0.495)
15:36:51:529,(1.326. 0.817. 2.792),(0.854. -0.148. 0.066. 0.495)
15:36:51:539,(1.325. 0.817. 2.792),(0.854. -0.148. 0.066. 0.495)
15:36:51:554,(1.325. 0.817. 2.792),(0.854. -0.148. 0.066. 0.494)
15:36:51:565,(1.325. 0.817. 2.792),(0.854. -0.148. 0.066. 0.494)
15:36:51:574,(1.325. 0.817. 2.792),(0.854. -0.148. 0.066. 0.495)
15:36:51:584,(1.325. 0.817. 2.792),(0.854. -0.148. 0.066. 0.494)
15:36:51:595,(1.325. 0.817. 2.792),(0.854. -0.148. 0.066. 0.495)
15:36:51:606,(1.325. 0.817. 2.792),(0.854. -0.148. 0.066. 0.495)
15:36:51:617,(1.325. 0.817. 2.792),(0.854. -0.148. 0.066. 0.494)
15:36:51:629,(1.326. 0.817. 2.792),(0.854. -0.148. 0.066. 0.495)
15:36:51:64,(1.326. 0.817. 2.792),(0.854. -0.148. 0.066. 0.494)
15:36:51:65,(1.326. 0.817. 2.792),(0.854. -0.148. 0.066. 0.495)
15:36:51:662,(1.326. 0.817. 2.792),(0.854. -0.148. 0.066. 0.495)
15:36:51:673,(1.326. 0.817. 2.792),(0.854. -0.148. 0.066. 0.495)
15:36:51:684,(1.326. 0.817. 2.792),(0.854. -0.148. 0.066. 0.495)
15:36:51:695,(1.326. 0.817. 2.792),(0.854. -0.148. 0.066. 0.495)
15:36:51:706,(1.326. 0.817. 2.792),(0.854. -0.148. 0.066. 0.494)
15:36:51:717,(1.326. 0.817. 2.792),(0.854. -0.148. 0.066. 0.495)
15:36:51:728,(1.326. 0.817. 2.792),(0.854. -0.148. 0.066. 0.494)
15:36:51:74,(1.325. 0.817. 2.792),(0.854. -0.148. 0.066. 0.495)
15:36:51:751,(1.325. 0.817. 2.792),(0.854. -0.148. 0.066. 0.495)
15:36:51:762,(1.325. 0.817. 2.792),(0.854. -0.148. 0.066. 0.495)
15:36:51:773,(1.325. 0.817. 2.792),(0.854. -0.148. 0.066. 0.495)
15:36:51:784,(1.325. 0.817. 2.792),(0.854. -0.148. 0.066. 0.495)
15:36:51:796,(1.326. 0.817. 2.792),(0.854. -0.148. 0.066. 0.495)
15:36:51:806,(1.326. 0.817. 2.792),(0.854. -0.148. 0.066. 0.495)
15:36:51:818,(1.326. 0.817. 2.792),(0.854. -0.148. 0.066. 0.495)
15:36:51:829,(1.326. 0.817. 2.792),(0.854. -0.148. 0.066. 0.495)
15:36:51:84,(1.326. 0.817. 2.792),(0.854. -0.148. 0.066. 0.495)
15:36:51:852,(1.326. 0.817. 2.792),(0.854. -0.148. 0.066. 0.495)
15:36:51:862,(1.326. 0.817. 2.792),(0.854. -0.148. 0.066. 0.495)
15:36:51:874,(1.326. 0.817. 2.792),(0.854. -0.148. 0.066. 0.495)
15:36:51:884,(1.326. 0.817. 2.792),(0.854. -0.148. 0.066. 0.495)
15:36:51:896,(1.326. 0.817. 2.792),(0.854. -0.148. 0.066. 0.495)
15:36:51:907,(1.326. 0.817. 2.792),(0.854. -0.148. 0.066. 0.494)
15:36:51:917,(1.326. 0.817. 2.792),(0.854. -0.148. 0.066. 0.495)
15:36:51:929,(1.326. 0.817. 2.792),(0.854. -0.148. 0.066. 0.495)
15:36:51:94,(1.326. 0.817. 2.792),(0.854. -0.148. 0.066. 0.495)
15:36:51:95,(1.326. 0.817. 2.792),(0.854. -0.148. 0.066. 0.495)
15:36:51:961,(1.326. 0.817. 2.792),(0.854. -0.148. 0.066. 0.495)
15:36:51:973,(1.325. 0.817. 2.792),(0.854. -0.148. 0.066. 0.495)
15:36:51:984,(1.326. 0.817. 2.792),(0.854. -0.148. 0.066. 0.495)
15:36:51:994,(1.325. 0.817. 2.792),(0.854. -0.148. 0.066. 0.495)
15:36:52:006,(1.325. 0.817. 2.792),(0.854. -0.148. 0.066. 0.495)
15:36:52:017,(1.325. 0.817. 2.792),(0.854. -0.148. 0.066. 0.495)
15:36:52:028,(1.325. 0.817. 2.792),(0.854. -0.148. 0.066. 0.495)
15:36:52:039,(1.325. 0.817. 2.792),(0.854. -0.148. 0.066. 0.495)
15:36:52:051,(1.325. 0.817. 2.792),(0.854. -0.148. 0.066. 0.495)
15:36:52:061,(1.325. 0.817. 2.792),(0.854. -0.148. 0.066. 0.495)
15:36:52:073,(1.326. 0.817. 2.792),(0.854. -0.148. 0.066. 0.495)
15:36:52:084,(1.325. 0.817. 2.792),(0.854. -0.148. 0.066. 0.495)
15:36:52:095,(1.325. 0.817. 2.792),(0.854. -0.148. 0.066. 0.495)
15:36:52:11,(1.325. 0.817. 2.792),(0.854. -0.148. 0.066. 0.495)
15:36:52:12,(1.325. 0.817. 2.792),(0.854. -0.148. 0.066. 0.495)
15:36:52:129,(1.325. 0.817. 2.792),(0.854. -0.148. 0.066. 0.495)
15:36:52:14,(1.325. 0.817. 2.792),(0.854. -0.148. 0.066. 0.495)
15:36:52:15,(1.325. 0.817. 2.792),(0.854. -0.148. 0.066. 0.495)
15:36:52:163,(1.325. 0.817. 2.792),(0.854. -0.148. 0.066. 0.495)
15:36:52:173,(1.325. 0.817. 2.792),(0.854. -0.148. 0.066. 0.495)
15:36:52:184,(1.325. 0.817. 2.792),(0.854. -0.148. 0.066. 0.495)
15:36:52:195,(1.325. 0.817. 2.792),(0.854. -0.148. 0.066. 0.495)
15:36:52:206,(1.325. 0.817. 2.792),(0.854. -0.148. 0.066. 0.495)
15:36:52:218,(1.325. 0.817. 2.792),(0.854. -0.148. 0.066. 0.495)
15:36:52:229,(1.325. 0.817. 2.792),(0.854. -0.148. 0.066. 0.495)
15:36:52:24,(1.325. 0.817. 2.792),(0.854. -0.148. 0.066. 0.495)
15:36:52:251,(1.325. 0.817. 2.792),(0.854. -0.148. 0.066. 0.495)
15:36:52:262,(1.325. 0.817. 2.792),(0.854. -0.148. 0.066. 0.495)
15:36:52:273,(1.325. 0.817. 2.792),(0.854. -0.148. 0.066. 0.495)
15:36:52:284,(1.325. 0.817. 2.792),(0.854. -0.148. 0.066. 0.495)
15:36:52:295,(1.325. 0.817. 2.792),(0.854. -0.148. 0.066. 0.495)
15:36:52:306,(1.325. 0.817. 2.792),(0.854. -0.148. 0.066. 0.495)
15:36:52:317,(1.325. 0.817. 2.792),(0.854. -0.148. 0.066. 0.495)
15:36:52:328,(1.325. 0.817. 2.792),(0.854. -0.148. 0.066. 0.495)
15:36:52:339,(1.325. 0.817. 2.792),(0.854. -0.148. 0.066. 0.495)
15:36:52:351,(1.325. 0.817. 2.792),(0.854. -0.148. 0.066. 0.495)
15:36:52:361,(1.325. 0.817. 2.792),(0.854. -0.148. 0.066. 0.495)
15:36:52:373,(1.325. 0.817. 2.792),(0.854. -0.148. 0.066. 0.495)
15:36:52:384,(1.325. 0.817. 2.792),(0.854. -0.148. 0.066. 0.495)
15:36:52:395,(1.325. 0.817. 2.792),(0.854. -0.148. 0.066. 0.495)
15:36:52:406,(1.325. 0.817. 2.792),(0.854. -0.148. 0.066. 0.495)
15:36:52:417,(1.325. 0.817. 2.792),(0.854. -0.148. 0.066. 0.495)
15:36:52:428,(1.325. 0.817. 2.792),(0.854. -0.148. 0.066. 0.495)
15:36:52:44,(1.325. 0.817. 2.792),(0.854. -0.148. 0.066. 0.495)
15:36:52:451,(1.325. 0.817. 2.792),(0.854. -0.148. 0.066. 0.495)
15:36:52:462,(1.325. 0.817. 2.792),(0.854. -0.148. 0.066. 0.495)
15:36:52:473,(1.325. 0.817. 2.792),(0.854. -0.148. 0.066. 0.495)
15:36:52:484,(1.325. 0.817. 2.792),(0.854. -0.148. 0.066. 0.495)
15:36:52:495,(1.325. 0.817. 2.792),(0.854. -0.148. 0.066. 0.495)
15:36:52:506,(1.325. 0.817. 2.792),(0.854. -0.148. 0.066. 0.495)
15:36:52:518,(1.325. 0.817. 2.792),(0.854. -0.148. 0.066. 0.495)
15:36:52:528,(1.325. 0.817. 2.792),(0.854. -0.148. 0.066. 0.495)
15:36:52:54,(1.325. 0.817. 2.792),(0.854. -0.148. 0.066. 0.495)
15:36:52:551,(1.325. 0.817. 2.792),(0.854. -0.148. 0.066. 0.495)
15:36:52:562,(1.325. 0.817. 2.792),(0.854. -0.148. 0.066. 0.495)
15:36:52:574,(1.325. 0.817. 2.792),(0.854. -0.148. 0.066. 0.495)
15:36:52:587,(1.325. 0.817. 2.792),(0.854. -0.148. 0.066. 0.495)
15:36:52:599,(1.325. 0.817. 2.792),(0.854. -0.148. 0.066. 0.495)
15:36:52:61,(1.325. 0.817. 2.792),(0.854. -0.148. 0.066. 0.495)
15:36:52:621,(1.325. 0.817. 2.792),(0.854. -0.148. 0.066. 0.495)
15:36:52:632,(1.325. 0.817. 2.792),(0.854. -0.148. 0.066. 0.495)
15:36:52:642,(1.325. 0.817. 2.792),(0.854. -0.148. 0.066. 0.495)
15:36:52:656,(1.325. 0.817. 2.791),(0.854. -0.148. 0.066. 0.495)
15:36:52:666,(1.325. 0.817. 2.791),(0.854. -0.148. 0.066. 0.495)
15:36:52:674,(1.325. 0.817. 2.791),(0.854. -0.148. 0.066. 0.495)
15:36:52:685,(1.325. 0.817. 2.791),(0.854. -0.148. 0.066. 0.495)
15:36:52:694,(1.325. 0.817. 2.792),(0.854. -0.148. 0.066. 0.495)
15:36:52:706,(1.325. 0.817. 2.792),(0.854. -0.148. 0.066. 0.495)
15:36:52:717,(1.325. 0.817. 2.792),(0.854. -0.148. 0.066. 0.495)
15:36:52:728,(1.325. 0.817. 2.792),(0.854. -0.148. 0.066. 0.495)
15:36:52:739,(1.326. 0.817. 2.792),(0.854. -0.148. 0.066. 0.495)
15:36:52:75,(1.326. 0.817. 2.792),(0.854. -0.148. 0.066. 0.494)
15:36:52:762,(1.326. 0.817. 2.792),(0.854. -0.148. 0.066. 0.495)
15:36:52:774,(1.326. 0.817. 2.792),(0.854. -0.148. 0.066. 0.494)
15:36:52:785,(1.326. 0.817. 2.792),(0.852. -0.149. 0.064. 0.498)
15:36:52:796,(1.326. 0.817. 2.792),(0.856. -0.148. 0.067. 0.491)
15:36:52:807,(1.326. 0.817. 2.792),(0.853. -0.148. 0.066. 0.496)
15:36:52:818,(1.326. 0.817. 2.792),(0.854. -0.149. 0.065. 0.494)
15:36:52:83,(1.326. 0.817. 2.792),(0.854. -0.148. 0.067. 0.495)
15:36:52:839,(1.326. 0.817. 2.792),(0.855. -0.148. 0.066. 0.493)
15:36:52:85,(1.326. 0.817. 2.792),(0.853. -0.149. 0.065. 0.496)
15:36:52:862,(1.326. 0.817. 2.792),(0.854. -0.149. 0.067. 0.494)
15:36:52:872,(1.326. 0.817. 2.792),(0.854. -0.148. 0.066. 0.494)
15:36:52:884,(1.326. 0.817. 2.792),(0.854. -0.149. 0.065. 0.495)
15:36:52:894,(1.326. 0.817. 2.792),(0.854. -0.149. 0.066. 0.494)
15:36:52:906,(1.325. 0.817. 2.792),(0.855. -0.148. 0.066. 0.493)
15:36:52:917,(1.326. 0.817. 2.792),(0.854. -0.149. 0.065. 0.494)
15:36:52:928,(1.325. 0.817. 2.792),(0.854. -0.148. 0.067. 0.494)
15:36:52:939,(1.325. 0.817. 2.792),(0.854. -0.148. 0.066. 0.494)
15:36:52:95,(1.326. 0.816. 2.792),(0.854. -0.149. 0.065. 0.495)
15:36:52:961,(1.326. 0.817. 2.792),(0.854. -0.149. 0.066. 0.494)
15:36:52:972,(1.326. 0.817. 2.792),(0.855. -0.148. 0.065. 0.493)
15:36:52:983,(1.326. 0.816. 2.792),(0.854. -0.149. 0.065. 0.495)
15:36:52:995,(1.326. 0.817. 2.792),(0.854. -0.149. 0.066. 0.494)
15:36:53:005,(1.326. 0.817. 2.792),(0.854. -0.148. 0.066. 0.494)
15:36:53:017,(1.326. 0.816. 2.792),(0.854. -0.149. 0.066. 0.494)
15:36:53:028,(1.326. 0.817. 2.792),(0.854. -0.149. 0.066. 0.494)
15:36:53:039,(1.326. 0.817. 2.792),(0.854. -0.148. 0.066. 0.494)
15:36:53:051,(1.326. 0.816. 2.792),(0.854. -0.149. 0.066. 0.494)
15:36:53:062,(1.326. 0.817. 2.792),(0.854. -0.149. 0.066. 0.494)
15:36:53:073,(1.326. 0.817. 2.792),(0.854. -0.149. 0.066. 0.494)
15:36:53:084,(1.326. 0.817. 2.792),(0.854. -0.149. 0.066. 0.495)
15:36:53:095,(1.325. 0.817. 2.792),(0.854. -0.149. 0.066. 0.494)
15:36:53:106,(1.325. 0.817. 2.792),(0.854. -0.148. 0.066. 0.494)
15:36:53:118,(1.325. 0.817. 2.792),(0.854. -0.148. 0.066. 0.494)
15:36:53:129,(1.325. 0.817. 2.792),(0.854. -0.148. 0.066. 0.494)
15:36:53:139,(1.325. 0.817. 2.792),(0.854. -0.148. 0.066. 0.494)
15:36:53:15,(1.325. 0.817. 2.792),(0.854. -0.148. 0.066. 0.494)
15:36:53:161,(1.325. 0.817. 2.792),(0.854. -0.148. 0.066. 0.494)
15:36:53:172,(1.325. 0.817. 2.792),(0.854. -0.149. 0.066. 0.494)
15:36:53:183,(1.325. 0.817. 2.792),(0.854. -0.149. 0.066. 0.494)
15:36:53:199,(1.325. 0.817. 2.792),(0.854. -0.149. 0.066. 0.494)
15:36:53:209,(1.325. 0.817. 2.792),(0.854. -0.149. 0.066. 0.494)
15:36:53:219,(1.325. 0.817. 2.792),(0.854. -0.149. 0.066. 0.494)
15:36:53:229,(1.325. 0.817. 2.792),(0.854. -0.149. 0.066. 0.494)
15:36:53:239,(1.325. 0.817. 2.792),(0.854. -0.149. 0.066. 0.494)
15:36:53:251,(1.325. 0.817. 2.792),(0.854. -0.148. 0.066. 0.494)
15:36:53:261,(1.325. 0.817. 2.792),(0.854. -0.148. 0.066. 0.494)
15:36:53:272,(1.325. 0.817. 2.792),(0.854. -0.148. 0.066. 0.494)
15:36:53:284,(1.326. 0.817. 2.792),(0.854. -0.148. 0.066. 0.494)
15:36:53:295,(1.326. 0.817. 2.792),(0.854. -0.148. 0.066. 0.494)
15:36:53:306,(1.326. 0.817. 2.792),(0.854. -0.148. 0.066. 0.494)
15:36:53:318,(1.326. 0.817. 2.792),(0.854. -0.148. 0.066. 0.494)
15:36:53:329,(1.326. 0.817. 2.792),(0.854. -0.148. 0.067. 0.494)
15:36:53:34,(1.326. 0.817. 2.792),(0.854. -0.149. 0.067. 0.494)
15:36:53:351,(1.326. 0.817. 2.792),(0.854. -0.149. 0.066. 0.494)
15:36:53:363,(1.325. 0.817. 2.792),(0.854. -0.148. 0.066. 0.494)
15:36:53:375,(1.325. 0.817. 2.792),(0.854. -0.148. 0.067. 0.494)
15:36:53:386,(1.325. 0.817. 2.792),(0.854. -0.148. 0.066. 0.494)
15:36:53:397,(1.325. 0.817. 2.792),(0.854. -0.149. 0.067. 0.494)
15:36:53:408,(1.325. 0.817. 2.792),(0.854. -0.148. 0.067. 0.494)
15:36:53:42,(1.325. 0.817. 2.792),(0.854. -0.148. 0.067. 0.494)
15:36:53:432,(1.325. 0.817. 2.792),(0.854. -0.148. 0.067. 0.494)
15:36:53:443,(1.325. 0.817. 2.792),(0.854. -0.148. 0.067. 0.494)
15:36:53:453,(1.325. 0.817. 2.792),(0.854. -0.148. 0.067. 0.494)
15:36:53:464,(1.325. 0.817. 2.792),(0.854. -0.149. 0.067. 0.494)
15:36:53:472,(1.325. 0.817. 2.792),(0.854. -0.149. 0.067. 0.494)
15:36:53:484,(1.325. 0.817. 2.792),(0.854. -0.149. 0.067. 0.494)
15:36:53:495,(1.325. 0.817. 2.792),(0.854. -0.149. 0.067. 0.494)
15:36:53:506,(1.325. 0.817. 2.792),(0.854. -0.149. 0.067. 0.494)
15:36:53:517,(1.325. 0.817. 2.792),(0.854. -0.149. 0.067. 0.494)
15:36:53:528,(1.325. 0.817. 2.792),(0.854. -0.148. 0.067. 0.494)
15:36:53:54,(1.325. 0.817. 2.792),(0.854. -0.148. 0.067. 0.494)
15:36:53:55,(1.325. 0.817. 2.792),(0.854. -0.148. 0.067. 0.494)
15:36:53:561,(1.325. 0.817. 2.792),(0.854. -0.148. 0.067. 0.494)
15:36:53:572,(1.325. 0.817. 2.792),(0.854. -0.148. 0.067. 0.494)
15:36:53:584,(1.325. 0.817. 2.792),(0.854. -0.149. 0.067. 0.494)
15:36:53:595,(1.325. 0.817. 2.792),(0.854. -0.149. 0.067. 0.494)
15:36:53:606,(1.325. 0.817. 2.792),(0.854. -0.149. 0.067. 0.494)
15:36:53:617,(1.325. 0.817. 2.792),(0.854. -0.149. 0.067. 0.494)
15:36:53:629,(1.325. 0.817. 2.792),(0.854. -0.149. 0.067. 0.494)
15:36:53:64,(1.325. 0.817. 2.792),(0.854. -0.149. 0.067. 0.494)
15:36:53:651,(1.325. 0.817. 2.792),(0.854. -0.149. 0.067. 0.494)
15:36:53:662,(1.325. 0.817. 2.792),(0.854. -0.149. 0.067. 0.494)
15:36:53:674,(1.325. 0.817. 2.792),(0.854. -0.149. 0.067. 0.494)
15:36:53:687,(1.325. 0.817. 2.792),(0.854. -0.149. 0.067. 0.494)
15:36:53:697,(1.325. 0.817. 2.792),(0.854. -0.149. 0.067. 0.494)
15:36:53:708,(1.325. 0.817. 2.792),(0.854. -0.149. 0.067. 0.494)
15:36:53:723,(1.325. 0.817. 2.792),(0.854. -0.149. 0.067. 0.494)
15:36:53:734,(1.325. 0.817. 2.792),(0.854. -0.149. 0.067. 0.494)
15:36:53:744,(1.325. 0.817. 2.792),(0.854. -0.149. 0.067. 0.494)
15:36:53:754,(1.325. 0.817. 2.792),(0.854. -0.149. 0.067. 0.494)
15:36:53:763,(1.325. 0.817. 2.792),(0.854. -0.149. 0.067. 0.494)
15:36:53:772,(1.325. 0.817. 2.792),(0.854. -0.149. 0.067. 0.494)
15:36:53:783,(1.325. 0.817. 2.792),(0.854. -0.149. 0.067. 0.494)
15:36:53:795,(1.325. 0.817. 2.792),(0.854. -0.149. 0.067. 0.494)
15:36:53:806,(1.325. 0.817. 2.792),(0.854. -0.149. 0.067. 0.494)
15:36:53:817,(1.325. 0.817. 2.792),(0.854. -0.149. 0.067. 0.494)
15:36:53:828,(1.325. 0.817. 2.792),(0.854. -0.149. 0.067. 0.494)
15:36:53:84,(1.325. 0.817. 2.792),(0.854. -0.149. 0.067. 0.494)
15:36:53:85,(1.325. 0.817. 2.792),(0.854. -0.149. 0.067. 0.494)
15:36:53:861,(1.325. 0.817. 2.792),(0.854. -0.149. 0.067. 0.494)
15:36:53:874,(1.325. 0.817. 2.792),(0.854. -0.149. 0.067. 0.494)
15:36:53:884,(1.325. 0.817. 2.792),(0.854. -0.149. 0.067. 0.494)
15:36:53:896,(1.325. 0.817. 2.792),(0.854. -0.149. 0.067. 0.494)
15:36:53:907,(1.325. 0.817. 2.792),(0.854. -0.149. 0.067. 0.494)
15:36:53:918,(1.325. 0.817. 2.792),(0.854. -0.149. 0.067. 0.494)
15:36:53:928,(1.325. 0.817. 2.792),(0.854. -0.149. 0.067. 0.494)
15:36:53:939,(1.325. 0.817. 2.792),(0.854. -0.149. 0.067. 0.494)
15:36:53:951,(1.325. 0.817. 2.792),(0.854. -0.149. 0.067. 0.494)
15:36:53:965,(1.325. 0.817. 2.792),(0.854. -0.149. 0.067. 0.494)
15:36:53:975,(1.325. 0.817. 2.792),(0.854. -0.149. 0.067. 0.494)
15:36:53:985,(1.325. 0.817. 2.792),(0.854. -0.149. 0.067. 0.494)
15:36:53:998,(1.325. 0.817. 2.792),(0.854. -0.149. 0.067. 0.494)
15:36:54:009,(1.325. 0.817. 2.792),(0.854. -0.149. 0.067. 0.494)
15:36:54:02,(1.325. 0.817. 2.792),(0.854. -0.149. 0.067. 0.494)
15:36:54:035,(1.325. 0.817. 2.792),(0.854. -0.149. 0.067. 0.494)
15:36:54:046,(1.325. 0.817. 2.792),(0.854. -0.149. 0.067. 0.494)
15:36:54:061,(1.325. 0.817. 2.792),(0.854. -0.149. 0.067. 0.494)
15:36:54:072,(1.325. 0.817. 2.792),(0.854. -0.149. 0.067. 0.494)
15:36:54:084,(1.325. 0.817. 2.792),(0.854. -0.149. 0.067. 0.494)
15:36:54:094,(1.325. 0.817. 2.792),(0.854. -0.149. 0.067. 0.494)
15:36:54:105,(1.325. 0.817. 2.792),(0.854. -0.149. 0.067. 0.494)
15:36:54:117,(1.325. 0.817. 2.792),(0.854. -0.149. 0.067. 0.494)
15:36:54:131,(1.325. 0.817. 2.792),(0.854. -0.149. 0.067. 0.494)
15:36:54:14,(1.325. 0.817. 2.792),(0.854. -0.149. 0.067. 0.494)
15:36:54:15,(1.325. 0.816. 2.792),(0.854. -0.149. 0.067. 0.494)
15:36:54:161,(1.325. 0.817. 2.792),(0.854. -0.149. 0.067. 0.494)
15:36:54:172,(1.325. 0.817. 2.792),(0.854. -0.149. 0.067. 0.494)
15:36:54:183,(1.325. 0.816. 2.792),(0.854. -0.149. 0.067. 0.494)
15:36:54:195,(1.325. 0.817. 2.792),(0.854. -0.149. 0.067. 0.494)
15:36:54:207,(1.325. 0.816. 2.792),(0.854. -0.149. 0.067. 0.494)
15:36:54:217,(1.325. 0.817. 2.792),(0.854. -0.149. 0.067. 0.494)
15:36:54:228,(1.325. 0.817. 2.792),(0.854. -0.149. 0.067. 0.494)
15:36:54:239,(1.325. 0.816. 2.792),(0.854. -0.149. 0.067. 0.494)
15:36:54:252,(1.325. 0.816. 2.792),(0.854. -0.149. 0.067. 0.494)
15:36:54:262,(1.325. 0.816. 2.792),(0.854. -0.149. 0.067. 0.494)
15:36:54:277,(1.325. 0.816. 2.792),(0.854. -0.149. 0.067. 0.494)
15:36:54:287,(1.326. 0.816. 2.792),(0.854. -0.149. 0.067. 0.494)
15:36:54:301,(1.326. 0.816. 2.792),(0.854. -0.149. 0.067. 0.494)
15:36:54:311,(1.326. 0.816. 2.792),(0.854. -0.149. 0.067. 0.494)
15:36:54:323,(1.326. 0.817. 2.792),(0.854. -0.149. 0.067. 0.494)
15:36:54:334,(1.326. 0.817. 2.792),(0.854. -0.149. 0.067. 0.494)
15:36:54:344,(1.325. 0.817. 2.792),(0.854. -0.149. 0.067. 0.494)
15:36:54:355,(1.325. 0.817. 2.792),(0.854. -0.149. 0.067. 0.494)
15:36:54:366,(1.325. 0.817. 2.792),(0.854. -0.149. 0.067. 0.494)
15:36:54:378,(1.325. 0.817. 2.792),(0.854. -0.149. 0.067. 0.494)
15:36:54:389,(1.325. 0.817. 2.792),(0.854. -0.149. 0.067. 0.494)
15:36:54:401,(1.325. 0.817. 2.792),(0.854. -0.149. 0.067. 0.494)
15:36:54:411,(1.325. 0.817. 2.792),(0.854. -0.149. 0.067. 0.494)
15:36:54:422,(1.325. 0.817. 2.792),(0.854. -0.149. 0.067. 0.494)
15:36:54:435,(1.325. 0.817. 2.792),(0.854. -0.149. 0.067. 0.494)
15:36:54:45,(1.325. 0.817. 2.792),(0.854. -0.149. 0.067. 0.494)
15:36:54:461,(1.325. 0.817. 2.792),(0.854. -0.149. 0.067. 0.494)
15:36:54:472,(1.325. 0.817. 2.792),(0.854. -0.149. 0.067. 0.494)
15:36:54:484,(1.325. 0.817. 2.792),(0.854. -0.149. 0.067. 0.494)
15:36:54:495,(1.325. 0.817. 2.792),(0.854. -0.149. 0.067. 0.494)
15:36:54:506,(1.325. 0.817. 2.792),(0.854. -0.149. 0.067. 0.494)
15:36:54:52,(1.325. 0.817. 2.792),(0.854. -0.149. 0.067. 0.494)
15:36:54:532,(1.325. 0.817. 2.792),(0.854. -0.149. 0.067. 0.494)
15:36:54:543,(1.325. 0.817. 2.792),(0.854. -0.149. 0.067. 0.494)
15:36:54:554,(1.325. 0.817. 2.792),(0.854. -0.149. 0.067. 0.494)
15:36:54:57,(1.325. 0.817. 2.792),(0.854. -0.149. 0.067. 0.494)
15:36:54:582,(1.325. 0.817. 2.792),(0.854. -0.149. 0.067. 0.494)
15:36:54:596,(1.325. 0.817. 2.792),(0.854. -0.149. 0.067. 0.494)
15:36:54:606,(1.325. 0.817. 2.792),(0.854. -0.149. 0.067. 0.494)
15:36:54:618,(1.325. 0.817. 2.792),(0.854. -0.149. 0.067. 0.494)
15:36:54:63,(1.325. 0.817. 2.792),(0.854. -0.149. 0.067. 0.494)
15:36:54:641,(1.325. 0.817. 2.792),(0.854. -0.149. 0.067. 0.494)
15:36:54:651,(1.325. 0.817. 2.792),(0.854. -0.149. 0.067. 0.494)
15:36:54:664,(1.325. 0.817. 2.792),(0.854. -0.149. 0.067. 0.494)
15:36:54:675,(1.325. 0.817. 2.792),(0.854. -0.149. 0.067. 0.494)
15:36:54:685,(1.325. 0.817. 2.792),(0.854. -0.149. 0.067. 0.494)
15:36:54:697,(1.325. 0.817. 2.792),(0.854. -0.149. 0.067. 0.494)
15:36:54:708,(1.325. 0.817. 2.792),(0.854. -0.149. 0.067. 0.494)
15:36:54:718,(1.325. 0.817. 2.792),(0.854. -0.149. 0.067. 0.494)
15:36:54:729,(1.325. 0.817. 2.792),(0.854. -0.149. 0.067. 0.494)
15:36:54:742,(1.325. 0.817. 2.792),(0.854. -0.149. 0.067. 0.494)
15:36:54:752,(1.325. 0.817. 2.792),(0.854. -0.149. 0.067. 0.494)
15:36:54:764,(1.325. 0.817. 2.792),(0.854. -0.149. 0.067. 0.494)
15:36:54:774,(1.325. 0.817. 2.792),(0.854. -0.149. 0.067. 0.494)
15:36:54:805,(1.325. 0.817. 2.792),(0.854. -0.149. 0.067. 0.494)
15:36:54:816,(1.325. 0.817. 2.792),(0.854. -0.149. 0.067. 0.494)
15:36:54:827,(1.324. 0.817. 2.791),(0.854. -0.149. 0.067. 0.494)
15:36:54:839,(1.325. 0.817. 2.792),(0.854. -0.149. 0.067. 0.494)
15:36:54:85,(1.325. 0.817. 2.792),(0.854. -0.149. 0.067. 0.494)
15:36:54:861,(1.325. 0.817. 2.792),(0.854. -0.149. 0.067. 0.494)
15:36:54:877,(1.325. 0.817. 2.792),(0.854. -0.149. 0.067. 0.494)
15:36:54:892,(1.325. 0.817. 2.792),(0.854. -0.149. 0.067. 0.494)
15:36:54:905,(1.325. 0.817. 2.792),(0.854. -0.149. 0.067. 0.494)
15:36:54:917,(1.325. 0.817. 2.792),(0.854. -0.149. 0.067. 0.494)
15:36:54:929,(1.325. 0.817. 2.792),(0.854. -0.149. 0.067. 0.494)
15:36:54:939,(1.325. 0.817. 2.792),(0.854. -0.149. 0.067. 0.494)
15:36:54:951,(1.325. 0.817. 2.792),(0.854. -0.149. 0.067. 0.494)
15:36:54:963,(1.325. 0.817. 2.792),(0.854. -0.149. 0.067. 0.494)
15:36:54:974,(1.325. 0.817. 2.792),(0.854. -0.149. 0.067. 0.494)
15:36:54:986,(1.325. 0.817. 2.792),(0.854. -0.149. 0.066. 0.494)
15:36:54:998,(1.325. 0.817. 2.792),(0.854. -0.149. 0.067. 0.494)
15:36:55:009,(1.325. 0.817. 2.792),(0.854. -0.149. 0.066. 0.494)
15:36:55:019,(1.325. 0.817. 2.792),(0.854. -0.148. 0.066. 0.494)
15:36:55:03,(1.325. 0.817. 2.792),(0.854. -0.148. 0.067. 0.494)
15:36:55:041,(1.325. 0.817. 2.792),(0.854. -0.148. 0.066. 0.494)
15:36:55:051,(1.325. 0.817. 2.792),(0.854. -0.148. 0.067. 0.494)
15:36:55:063,(1.325. 0.817. 2.792),(0.854. -0.148. 0.066. 0.494)
15:36:55:08,(1.325. 0.817. 2.792),(0.854. -0.148. 0.066. 0.494)
15:36:55:185,(1.325. 0.817. 2.792),(0.854. -0.148. 0.066. 0.494)
15:36:55:196,(1.325. 0.817. 2.792),(0.854. -0.149. 0.067. 0.494)
15:36:55:206,(1.325. 0.817. 2.792),(0.854. -0.149. 0.067. 0.494)
15:36:55:216,(1.325. 0.817. 2.792),(0.854. -0.149. 0.067. 0.494)
15:36:55:227,(1.325. 0.817. 2.792),(0.854. -0.149. 0.067. 0.494)
15:36:55:239,(1.325. 0.817. 2.792),(0.854. -0.149. 0.067. 0.494)
15:36:55:25,(1.325. 0.817. 2.792),(0.854. -0.149. 0.067. 0.494)
15:36:55:26,(1.325. 0.817. 2.792),(0.854. -0.149. 0.067. 0.494)
15:36:55:271,(1.325. 0.817. 2.792),(0.854. -0.149. 0.067. 0.494)
15:36:55:283,(1.325. 0.817. 2.792),(0.854. -0.149. 0.067. 0.494)
15:36:55:294,(1.325. 0.817. 2.792),(0.854. -0.149. 0.067. 0.494)
15:36:55:309,(1.325. 0.817. 2.792),(0.854. -0.149. 0.067. 0.494)
15:36:55:322,(1.325. 0.817. 2.792),(0.854. -0.149. 0.067. 0.494)
15:36:55:332,(1.325. 0.817. 2.792),(0.854. -0.149. 0.067. 0.494)
15:36:55:342,(1.325. 0.817. 2.792),(0.854. -0.149. 0.067. 0.494)
15:36:55:353,(1.325. 0.817. 2.792),(0.854. -0.149. 0.067. 0.494)
15:36:55:363,(1.325. 0.817. 2.792),(0.854. -0.149. 0.067. 0.494)
15:36:55:374,(1.325. 0.817. 2.792),(0.854. -0.149. 0.067. 0.494)
15:36:55:385,(1.325. 0.817. 2.792),(0.854. -0.149. 0.067. 0.494)
15:36:55:396,(1.325. 0.817. 2.792),(0.854. -0.149. 0.067. 0.494)
15:36:55:405,(1.325. 0.817. 2.792),(0.854. -0.149. 0.067. 0.494)
15:36:55:416,(1.325. 0.817. 2.792),(0.854. -0.149. 0.067. 0.494)
15:36:55:427,(1.325. 0.817. 2.792),(0.854. -0.149. 0.067. 0.494)
15:36:55:439,(1.325. 0.817. 2.792),(0.854. -0.149. 0.067. 0.494)
15:36:55:45,(1.325. 0.817. 2.792),(0.854. -0.149. 0.067. 0.494)
15:36:55:461,(1.325. 0.817. 2.792),(0.854. -0.149. 0.067. 0.494)
15:36:55:472,(1.325. 0.816. 2.792),(0.854. -0.149. 0.067. 0.494)
15:36:55:485,(1.326. 0.816. 2.792),(0.854. -0.149. 0.067. 0.494)
15:36:55:497,(1.325. 0.816. 2.792),(0.854. -0.149. 0.067. 0.494)
15:36:55:509,(1.326. 0.816. 2.792),(0.854. -0.149. 0.067. 0.494)
15:36:55:521,(1.326. 0.816. 2.792),(0.854. -0.149. 0.067. 0.494)
15:36:55:534,(1.326. 0.816. 2.792),(0.854. -0.149. 0.067. 0.494)
15:36:55:545,(1.325. 0.816. 2.792),(0.854. -0.149. 0.066. 0.494)
15:36:55:555,(1.325. 0.817. 2.792),(0.854. -0.149. 0.067. 0.494)
15:36:55:566,(1.325. 0.817. 2.792),(0.854. -0.149. 0.067. 0.494)
15:36:55:576,(1.325. 0.817. 2.792),(0.854. -0.149. 0.067. 0.494)
15:36:55:587,(1.325. 0.817. 2.792),(0.854. -0.149. 0.067. 0.494)
15:36:55:597,(1.325. 0.817. 2.792),(0.854. -0.149. 0.067. 0.494)
15:36:55:607,(1.325. 0.817. 2.792),(0.854. -0.149. 0.067. 0.494)
15:36:55:617,(1.325. 0.817. 2.792),(0.854. -0.149. 0.067. 0.494)
15:36:55:627,(1.325. 0.817. 2.792),(0.854. -0.148. 0.067. 0.494)
15:36:55:638,(1.325. 0.817. 2.792),(0.854. -0.148. 0.067. 0.494)
15:36:55:649,(1.325. 0.817. 2.792),(0.854. -0.148. 0.067. 0.494)
15:36:55:66,(1.325. 0.817. 2.792),(0.854. -0.148. 0.067. 0.494)
15:36:55:672,(1.325. 0.817. 2.792),(0.854. -0.148. 0.067. 0.494)
15:36:55:683,(1.325. 0.817. 2.792),(0.854. -0.148. 0.066. 0.494)
15:36:55:694,(1.325. 0.817. 2.792),(0.854. -0.148. 0.066. 0.494)
15:36:55:705,(1.325. 0.817. 2.792),(0.854. -0.148. 0.066. 0.494)
15:36:55:716,(1.325. 0.817. 2.792),(0.854. -0.148. 0.066. 0.494)
15:36:55:728,(1.325. 0.817. 2.792),(0.854. -0.148. 0.066. 0.494)
15:36:55:738,(1.325. 0.817. 2.792),(0.854. -0.148. 0.066. 0.494)
15:36:55:75,(1.325. 0.817. 2.792),(0.854. -0.148. 0.066. 0.494)
15:36:55:761,(1.325. 0.817. 2.792),(0.854. -0.148. 0.066. 0.494)
15:36:55:772,(1.325. 0.817. 2.792),(0.854. -0.148. 0.066. 0.494)
15:36:55:782,(1.325. 0.817. 2.792),(0.854. -0.148. 0.066. 0.494)
15:36:55:796,(1.326. 0.817. 2.792),(0.854. -0.148. 0.066. 0.494)
15:36:55:808,(1.326. 0.817. 2.792),(0.854. -0.148. 0.066. 0.494)
15:36:55:819,(1.325. 0.817. 2.792),(0.854. -0.148. 0.066. 0.494)
15:36:55:83,(1.325. 0.817. 2.792),(0.854. -0.148. 0.066. 0.494)
15:36:55:845,(1.325. 0.817. 2.792),(0.854. -0.148. 0.066. 0.494)
15:36:55:856,(1.325. 0.817. 2.792),(0.854. -0.148. 0.066. 0.494)
15:36:55:867,(1.325. 0.817. 2.792),(0.854. -0.148. 0.066. 0.494)
15:36:55:877,(1.325. 0.817. 2.792),(0.854. -0.148. 0.066. 0.494)
15:36:55:888,(1.326. 0.817. 2.792),(0.854. -0.148. 0.066. 0.494)
15:36:55:898,(1.325. 0.817. 2.792),(0.854. -0.148. 0.066. 0.494)
15:36:55:908,(1.325. 0.817. 2.792),(0.854. -0.148. 0.066. 0.494)
15:36:55:918,(1.326. 0.817. 2.792),(0.854. -0.148. 0.066. 0.494)
15:36:55:928,(1.326. 0.817. 2.792),(0.854. -0.148. 0.066. 0.494)
15:36:55:938,(1.326. 0.817. 2.792),(0.854. -0.148. 0.066. 0.494)
15:36:55:949,(1.326. 0.817. 2.792),(0.854. -0.148. 0.066. 0.494)
15:36:55:961,(1.326. 0.817. 2.792),(0.854. -0.148. 0.066. 0.494)
15:36:55:971,(1.325. 0.817. 2.792),(0.854. -0.148. 0.066. 0.494)
15:36:55:982,(1.325. 0.817. 2.792),(0.854. -0.148. 0.066. 0.494)
15:36:55:994,(1.326. 0.817. 2.792),(0.854. -0.148. 0.066. 0.494)
15:36:56:005,(1.326. 0.817. 2.792),(0.854. -0.148. 0.066. 0.495)
15:36:56:016,(1.326. 0.817. 2.792),(0.854. -0.148. 0.066. 0.495)
15:36:56:027,(1.326. 0.817. 2.792),(0.854. -0.148. 0.066. 0.495)
15:36:56:038,(1.326. 0.817. 2.792),(0.854. -0.148. 0.066. 0.495)
15:36:56:049,(1.326. 0.817. 2.792),(0.854. -0.148. 0.066. 0.495)
15:36:56:06,(1.326. 0.817. 2.792),(0.854. -0.148. 0.066. 0.494)
15:36:56:072,(1.325. 0.817. 2.792),(0.854. -0.147. 0.066. 0.494)
15:36:56:083,(1.325. 0.817. 2.792),(0.854. -0.147. 0.066. 0.495)
15:36:56:094,(1.325. 0.817. 2.792),(0.854. -0.147. 0.066. 0.495)
15:36:56:105,(1.325. 0.817. 2.792),(0.854. -0.147. 0.066. 0.495)
15:36:56:116,(1.325. 0.817. 2.792),(0.854. -0.147. 0.066. 0.495)
15:36:56:127,(1.325. 0.817. 2.792),(0.854. -0.147. 0.066. 0.495)
15:36:56:139,(1.326. 0.817. 2.792),(0.854. -0.147. 0.066. 0.495)
15:36:56:15,(1.326. 0.817. 2.792),(0.854. -0.147. 0.066. 0.495)
15:36:56:16,(1.326. 0.817. 2.792),(0.854. -0.147. 0.066. 0.495)
15:36:56:171,(1.326. 0.817. 2.792),(0.854. -0.147. 0.066. 0.494)
15:36:56:183,(1.326. 0.817. 2.792),(0.854. -0.147. 0.066. 0.495)
15:36:56:193,(1.326. 0.817. 2.792),(0.854. -0.147. 0.066. 0.495)
15:36:56:204,(1.326. 0.817. 2.792),(0.854. -0.147. 0.066. 0.495)
15:36:56:216,(1.326. 0.817. 2.792),(0.854. -0.147. 0.066. 0.495)
15:36:56:227,(1.326. 0.817. 2.792),(0.854. -0.147. 0.066. 0.495)
15:36:56:238,(1.326. 0.817. 2.792),(0.854. -0.147. 0.066. 0.495)
15:36:56:249,(1.326. 0.817. 2.792),(0.854. -0.147. 0.066. 0.495)
15:36:56:26,(1.326. 0.817. 2.792),(0.854. -0.147. 0.066. 0.495)
15:36:56:271,(1.326. 0.817. 2.792),(0.854. -0.147. 0.067. 0.495)
15:36:56:282,(1.326. 0.817. 2.792),(0.854. -0.147. 0.067. 0.495)
15:36:56:293,(1.326. 0.817. 2.792),(0.854. -0.147. 0.067. 0.495)
15:36:56:304,(1.326. 0.817. 2.792),(0.854. -0.147. 0.067. 0.495)
15:36:56:316,(1.325. 0.817. 2.792),(0.854. -0.147. 0.067. 0.495)
15:36:56:327,(1.325. 0.817. 2.792),(0.854. -0.147. 0.067. 0.495)
15:36:56:338,(1.325. 0.817. 2.792),(0.854. -0.147. 0.067. 0.495)
15:36:56:349,(1.325. 0.817. 2.792),(0.854. -0.147. 0.067. 0.495)
15:36:56:36,(1.325. 0.817. 2.792),(0.854. -0.147. 0.067. 0.495)
15:36:56:371,(1.326. 0.817. 2.792),(0.854. -0.147. 0.067. 0.495)
15:36:56:386,(1.326. 0.817. 2.792),(0.854. -0.147. 0.067. 0.495)
15:36:56:398,(1.325. 0.817. 2.792),(0.854. -0.147. 0.067. 0.495)
15:36:56:408,(1.325. 0.817. 2.792),(0.854. -0.147. 0.067. 0.495)
15:36:56:419,(1.326. 0.817. 2.792),(0.854. -0.148. 0.067. 0.495)
15:36:56:428,(1.326. 0.817. 2.792),(0.854. -0.148. 0.067. 0.495)
15:36:56:438,(1.326. 0.817. 2.792),(0.854. -0.148. 0.067. 0.495)
15:36:56:449,(1.326. 0.817. 2.792),(0.854. -0.148. 0.067. 0.495)
15:36:56:46,(1.326. 0.817. 2.792),(0.854. -0.147. 0.067. 0.495)
15:36:56:471,(1.326. 0.817. 2.792),(0.854. -0.148. 0.067. 0.495)
15:36:56:482,(1.326. 0.817. 2.792),(0.854. -0.148. 0.067. 0.495)
15:36:56:493,(1.326. 0.817. 2.792),(0.854. -0.148. 0.067. 0.494)
15:36:56:504,(1.325. 0.817. 2.792),(0.854. -0.148. 0.067. 0.495)
15:36:56:516,(1.326. 0.817. 2.792),(0.854. -0.148. 0.067. 0.495)
15:36:56:526,(1.326. 0.817. 2.792),(0.854. -0.148. 0.067. 0.495)
15:36:56:538,(1.326. 0.817. 2.792),(0.854. -0.148. 0.067. 0.495)
15:36:56:549,(1.326. 0.817. 2.792),(0.854. -0.148. 0.067. 0.495)
15:36:56:56,(1.326. 0.817. 2.792),(0.854. -0.148. 0.067. 0.495)
15:36:56:571,(1.326. 0.817. 2.792),(0.854. -0.148. 0.067. 0.495)
15:36:56:582,(1.326. 0.817. 2.792),(0.854. -0.148. 0.067. 0.495)
15:36:56:593,(1.326. 0.817. 2.792),(0.854. -0.148. 0.067. 0.494)
15:36:56:604,(1.326. 0.817. 2.792),(0.854. -0.148. 0.067. 0.495)
15:36:56:616,(1.326. 0.817. 2.792),(0.854. -0.148. 0.067. 0.495)
15:36:56:627,(1.326. 0.817. 2.792),(0.854. -0.148. 0.067. 0.495)
15:36:56:638,(1.326. 0.817. 2.792),(0.854. -0.148. 0.067. 0.495)
15:36:56:649,(1.326. 0.817. 2.792),(0.854. -0.148. 0.067. 0.495)
15:36:56:66,(1.326. 0.817. 2.793),(0.854. -0.148. 0.067. 0.495)
15:36:56:671,(1.326. 0.817. 2.792),(0.854. -0.148. 0.067. 0.495)
15:36:56:682,(1.326. 0.817. 2.792),(0.854. -0.148. 0.067. 0.495)
15:36:56:694,(1.326. 0.817. 2.792),(0.854. -0.148. 0.067. 0.495)
15:36:56:705,(1.326. 0.817. 2.792),(0.854. -0.148. 0.067. 0.495)
15:36:56:716,(1.326. 0.817. 2.792),(0.854. -0.148. 0.067. 0.495)
15:36:56:727,(1.326. 0.817. 2.792),(0.854. -0.147. 0.067. 0.495)
15:36:56:738,(1.326. 0.817. 2.792),(0.854. -0.148. 0.067. 0.495)
15:36:56:749,(1.326. 0.817. 2.793),(0.854. -0.148. 0.067. 0.495)
15:36:56:76,(1.326. 0.817. 2.793),(0.854. -0.148. 0.067. 0.495)
15:36:56:772,(1.326. 0.817. 2.793),(0.854. -0.148. 0.067. 0.495)
15:36:56:783,(1.326. 0.817. 2.793),(0.854. -0.148. 0.067. 0.495)
15:36:56:793,(1.325. 0.817. 2.792),(0.854. -0.148. 0.067. 0.495)
15:36:56:804,(1.325. 0.817. 2.792),(0.854. -0.148. 0.067. 0.495)
15:36:56:815,(1.326. 0.817. 2.792),(0.854. -0.148. 0.067. 0.495)
15:36:56:826,(1.325. 0.817. 2.792),(0.854. -0.148. 0.067. 0.495)
15:36:56:837,(1.325. 0.817. 2.792),(0.854. -0.148. 0.067. 0.495)
15:36:56:849,(1.325. 0.817. 2.792),(0.854. -0.148. 0.067. 0.495)
15:36:56:859,(1.325. 0.817. 2.792),(0.854. -0.148. 0.067. 0.495)
15:36:56:871,(1.325. 0.817. 2.792),(0.854. -0.148. 0.067. 0.495)
15:36:56:882,(1.325. 0.817. 2.792),(0.854. -0.148. 0.067. 0.495)
15:36:56:893,(1.326. 0.817. 2.792),(0.854. -0.148. 0.067. 0.495)
15:36:56:904,(1.325. 0.817. 2.792),(0.854. -0.148. 0.067. 0.495)
15:36:56:919,(1.325. 0.817. 2.792),(0.854. -0.148. 0.067. 0.495)
15:36:56:93,(1.326. 0.817. 2.792),(0.854. -0.148. 0.067. 0.495)
15:36:56:94,(1.325. 0.817. 2.792),(0.854. -0.148. 0.067. 0.495)
15:36:56:95,(1.326. 0.817. 2.792),(0.854. -0.148. 0.067. 0.495)
15:36:56:96,(1.326. 0.817. 2.792),(0.854. -0.148. 0.067. 0.495)
15:36:56:971,(1.326. 0.817. 2.792),(0.854. -0.148. 0.067. 0.495)
15:36:56:982,(1.326. 0.817. 2.792),(0.854. -0.148. 0.067. 0.495)
15:36:56:993,(1.326. 0.817. 2.792),(0.854. -0.148. 0.067. 0.495)
15:36:57:004,(1.326. 0.817. 2.792),(0.854. -0.148. 0.067. 0.495)
15:36:57:016,(1.326. 0.817. 2.792),(0.854. -0.148. 0.067. 0.495)
15:36:57:027,(1.325. 0.817. 2.792),(0.854. -0.148. 0.067. 0.495)
15:36:57:038,(1.325. 0.817. 2.792),(0.854. -0.148. 0.067. 0.495)
15:36:57:05,(1.325. 0.817. 2.792),(0.854. -0.148. 0.067. 0.495)
15:36:57:06,(1.325. 0.817. 2.792),(0.854. -0.148. 0.067. 0.495)
15:36:57:071,(1.325. 0.817. 2.792),(0.854. -0.148. 0.067. 0.495)
15:36:57:082,(1.325. 0.817. 2.792),(0.854. -0.148. 0.067. 0.495)
15:36:57:094,(1.325. 0.817. 2.792),(0.854. -0.148. 0.067. 0.495)
15:36:57:105,(1.325. 0.817. 2.792),(0.854. -0.148. 0.067. 0.495)
15:36:57:116,(1.325. 0.817. 2.792),(0.854. -0.148. 0.067. 0.495)
15:36:57:127,(1.325. 0.817. 2.792),(0.854. -0.148. 0.067. 0.495)
15:36:57:138,(1.325. 0.817. 2.792),(0.854. -0.148. 0.067. 0.495)
15:36:57:149,(1.325. 0.817. 2.792),(0.854. -0.148. 0.067. 0.495)
15:36:57:16,(1.325. 0.817. 2.792),(0.854. -0.148. 0.067. 0.495)
15:36:57:171,(1.325. 0.817. 2.792),(0.854. -0.148. 0.067. 0.495)
15:36:57:182,(1.325. 0.817. 2.792),(0.854. -0.148. 0.067. 0.495)
15:36:57:192,(1.326. 0.817. 2.792),(0.854. -0.148. 0.067. 0.495)
15:36:57:204,(1.326. 0.817. 2.792),(0.854. -0.148. 0.067. 0.495)
15:36:57:215,(1.326. 0.817. 2.792),(0.854. -0.148. 0.067. 0.495)
15:36:57:226,(1.326. 0.817. 2.792),(0.854. -0.148. 0.067. 0.495)
15:36:57:237,(1.326. 0.817. 2.792),(0.854. -0.148. 0.067. 0.495)
15:36:57:249,(1.326. 0.817. 2.792),(0.854. -0.148. 0.067. 0.495)
15:36:57:259,(1.326. 0.817. 2.792),(0.854. -0.148. 0.067. 0.495)
15:36:57:271,(1.326. 0.817. 2.792),(0.854. -0.148. 0.067. 0.495)
15:36:57:282,(1.326. 0.817. 2.792),(0.854. -0.148. 0.067. 0.495)
15:36:57:293,(1.326. 0.817. 2.792),(0.854. -0.148. 0.067. 0.495)
15:36:57:304,(1.326. 0.817. 2.792),(0.854. -0.148. 0.067. 0.495)
15:36:57:315,(1.326. 0.817. 2.792),(0.854. -0.148. 0.067. 0.495)
15:36:57:326,(1.326. 0.817. 2.792),(0.854. -0.148. 0.067. 0.495)
15:36:57:337,(1.326. 0.817. 2.792),(0.854. -0.148. 0.067. 0.495)
15:36:57:349,(1.325. 0.817. 2.792),(0.854. -0.148. 0.067. 0.495)
15:36:57:36,(1.325. 0.817. 2.792),(0.854. -0.148. 0.067. 0.495)
15:36:57:371,(1.325. 0.817. 2.792),(0.854. -0.148. 0.067. 0.495)
15:36:57:382,(1.325. 0.817. 2.792),(0.854. -0.148. 0.067. 0.495)
15:36:57:393,(1.325. 0.817. 2.792),(0.854. -0.148. 0.067. 0.495)
15:36:57:405,(1.325. 0.817. 2.792),(0.854. -0.148. 0.067. 0.495)
15:36:57:415,(1.325. 0.817. 2.792),(0.854. -0.148. 0.067. 0.495)
15:36:57:426,(1.325. 0.817. 2.792),(0.854. -0.148. 0.067. 0.495)
15:36:57:437,(1.325. 0.817. 2.792),(0.854. -0.148. 0.067. 0.495)
15:36:57:449,(1.325. 0.817. 2.792),(0.854. -0.148. 0.067. 0.495)
15:36:57:464,(1.325. 0.817. 2.792),(0.854. -0.148. 0.067. 0.495)
15:36:57:475,(1.325. 0.817. 2.792),(0.854. -0.148. 0.067. 0.495)
15:36:57:485,(1.325. 0.817. 2.792),(0.854. -0.148. 0.067. 0.495)
15:36:57:496,(1.325. 0.817. 2.792),(0.854. -0.148. 0.067. 0.495)
15:36:57:505,(1.325. 0.817. 2.792),(0.854. -0.148. 0.067. 0.495)
15:36:57:516,(1.326. 0.817. 2.792),(0.854. -0.148. 0.067. 0.495)
15:36:57:526,(1.325. 0.817. 2.792),(0.854. -0.148. 0.067. 0.495)
15:36:57:538,(1.325. 0.817. 2.792),(0.854. -0.148. 0.067. 0.495)
15:36:57:549,(1.325. 0.817. 2.792),(0.854. -0.148. 0.067. 0.495)
15:36:57:56,(1.325. 0.817. 2.792),(0.854. -0.148. 0.067. 0.495)
15:36:57:571,(1.325. 0.817. 2.792),(0.854. -0.148. 0.067. 0.495)
15:36:57:582,(1.325. 0.817. 2.792),(0.854. -0.148. 0.067. 0.495)
15:36:57:592,(1.325. 0.817. 2.792),(0.854. -0.148. 0.067. 0.495)
15:36:57:604,(1.325. 0.817. 2.792),(0.854. -0.148. 0.067. 0.495)
15:36:57:615,(1.326. 0.817. 2.792),(0.854. -0.148. 0.067. 0.495)
15:36:57:626,(1.326. 0.817. 2.792),(0.854. -0.148. 0.067. 0.495)
15:36:57:638,(1.326. 0.817. 2.792),(0.854. -0.148. 0.067. 0.495)
15:36:57:649,(1.325. 0.817. 2.792),(0.854. -0.148. 0.067. 0.495)
15:36:57:659,(1.325. 0.817. 2.792),(0.854. -0.148. 0.067. 0.495)
15:36:57:671,(1.326. 0.817. 2.792),(0.853. -0.148. 0.066. 0.496)
15:36:57:682,(1.325. 0.817. 2.792),(0.855. -0.148. 0.068. 0.493)
15:36:57:693,(1.325. 0.817. 2.792),(0.853. -0.147. 0.067. 0.495)
15:36:57:704,(1.326. 0.817. 2.792),(0.854. -0.148. 0.066. 0.495)
15:36:57:715,(1.325. 0.817. 2.792),(0.854. -0.147. 0.068. 0.495)
15:36:57:726,(1.325. 0.817. 2.792),(0.854. -0.148. 0.067. 0.494)
15:36:57:738,(1.326. 0.817. 2.792),(0.853. -0.148. 0.066. 0.496)
15:36:57:749,(1.325. 0.817. 2.792),(0.854. -0.148. 0.068. 0.494)
15:36:57:76,(1.325. 0.817. 2.792),(0.854. -0.148. 0.067. 0.495)
15:36:57:771,(1.326. 0.817. 2.792),(0.853. -0.149. 0.066. 0.495)
15:36:57:782,(1.325. 0.817. 2.792),(0.854. -0.148. 0.067. 0.495)
15:36:57:793,(1.325. 0.817. 2.793),(0.854. -0.147. 0.067. 0.494)
15:36:57:804,(1.326. 0.817. 2.792),(0.854. -0.148. 0.066. 0.495)
15:36:57:815,(1.325. 0.817. 2.792),(0.854. -0.148. 0.068. 0.495)
15:36:57:827,(1.325. 0.817. 2.792),(0.854. -0.147. 0.067. 0.494)
15:36:57:838,(1.326. 0.817. 2.792),(0.853. -0.148. 0.067. 0.495)
15:36:57:849,(1.325. 0.817. 2.792),(0.854. -0.148. 0.068. 0.495)
15:36:57:86,(1.326. 0.817. 2.792),(0.854. -0.148. 0.067. 0.494)
15:36:57:871,(1.326. 0.817. 2.792),(0.853. -0.148. 0.067. 0.495)
15:36:57:881,(1.326. 0.817. 2.792),(0.854. -0.148. 0.067. 0.495)
15:36:57:893,(1.326. 0.817. 2.793),(0.854. -0.148. 0.067. 0.495)
15:36:57:904,(1.326. 0.817. 2.793),(0.854. -0.148. 0.067. 0.495)
15:36:57:918,(1.326. 0.817. 2.793),(0.854. -0.148. 0.067. 0.495)
15:36:57:927,(1.326. 0.817. 2.793),(0.854. -0.148. 0.067. 0.494)
15:36:57:938,(1.326. 0.817. 2.793),(0.854. -0.148. 0.067. 0.495)
15:36:57:949,(1.326. 0.817. 2.793),(0.854. -0.148. 0.068. 0.494)
15:36:57:959,(1.326. 0.817. 2.793),(0.854. -0.148. 0.067. 0.495)
15:36:57:971,(1.326. 0.817. 2.792),(0.854. -0.148. 0.067. 0.495)
15:36:57:982,(1.326. 0.817. 2.792),(0.854. -0.148. 0.067. 0.495)
15:36:57:997,(1.326. 0.817. 2.792),(0.854. -0.148. 0.067. 0.495)
15:36:58:008,(1.326. 0.817. 2.792),(0.854. -0.148. 0.067. 0.495)
15:36:58:018,(1.326. 0.817. 2.792),(0.854. -0.148. 0.067. 0.495)
15:36:58:028,(1.326. 0.817. 2.793),(0.854. -0.148. 0.068. 0.495)
15:36:58:039,(1.326. 0.817. 2.793),(0.854. -0.148. 0.068. 0.495)
15:36:58:05,(1.325. 0.817. 2.792),(0.854. -0.148. 0.068. 0.495)
15:36:58:06,(1.325. 0.817. 2.792),(0.854. -0.148. 0.067. 0.495)
15:36:58:073,(1.325. 0.817. 2.792),(0.854. -0.148. 0.067. 0.495)
15:36:58:083,(1.325. 0.817. 2.792),(0.854. -0.148. 0.067. 0.495)
15:36:58:093,(1.325. 0.817. 2.792),(0.854. -0.148. 0.067. 0.495)
15:36:58:103,(1.325. 0.817. 2.792),(0.854. -0.148. 0.067. 0.495)
15:36:58:115,(1.325. 0.817. 2.792),(0.854. -0.148. 0.067. 0.495)
15:36:58:126,(1.325. 0.817. 2.792),(0.854. -0.148. 0.068. 0.495)
15:36:58:137,(1.325. 0.817. 2.792),(0.854. -0.148. 0.068. 0.495)
15:36:58:148,(1.325. 0.817. 2.792),(0.854. -0.148. 0.068. 0.495)
15:36:58:159,(1.325. 0.817. 2.792),(0.854. -0.148. 0.068. 0.495)
15:36:58:172,(1.325. 0.817. 2.791),(0.853. -0.148. 0.067. 0.495)
15:36:58:182,(1.325. 0.817. 2.791),(0.854. -0.148. 0.068. 0.495)
15:36:58:192,(1.325. 0.817. 2.791),(0.853. -0.148. 0.067. 0.495)
15:36:58:204,(1.325. 0.817. 2.791),(0.853. -0.148. 0.067. 0.495)
15:36:58:215,(1.324. 0.817. 2.791),(0.854. -0.148. 0.068. 0.495)
15:36:58:226,(1.325. 0.817. 2.791),(0.854. -0.148. 0.067. 0.495)
15:36:58:237,(1.325. 0.817. 2.791),(0.853. -0.148. 0.067. 0.495)
15:36:58:248,(1.324. 0.817. 2.791),(0.854. -0.148. 0.068. 0.495)
15:36:58:26,(1.324. 0.817. 2.791),(0.854. -0.148. 0.067. 0.494)
15:36:58:271,(1.325. 0.817. 2.791),(0.853. -0.148. 0.067. 0.495)
15:36:58:282,(1.324. 0.817. 2.791),(0.854. -0.148. 0.068. 0.495)
15:36:58:293,(1.325. 0.817. 2.791),(0.854. -0.148. 0.067. 0.495)
15:36:58:304,(1.325. 0.817. 2.791),(0.853. -0.148. 0.067. 0.495)
15:36:58:315,(1.324. 0.817. 2.791),(0.854. -0.148. 0.067. 0.495)
15:36:58:327,(1.324. 0.817. 2.791),(0.854. -0.148. 0.068. 0.495)
15:36:58:338,(1.324. 0.817. 2.790),(0.853. -0.148. 0.068. 0.495)
15:36:58:351,(1.324. 0.817. 2.790),(0.854. -0.148. 0.067. 0.495)
15:36:58:362,(1.324. 0.817. 2.790),(0.854. -0.148. 0.068. 0.495)
15:36:58:373,(1.324. 0.817. 2.790),(0.854. -0.148. 0.068. 0.495)
15:36:58:384,(1.324. 0.817. 2.790),(0.854. -0.148. 0.067. 0.495)
15:36:58:396,(1.324. 0.817. 2.790),(0.854. -0.148. 0.068. 0.495)
15:36:58:408,(1.324. 0.817. 2.790),(0.854. -0.148. 0.068. 0.495)
15:36:58:423,(1.324. 0.817. 2.790),(0.854. -0.148. 0.067. 0.495)
15:36:58:434,(1.324. 0.817. 2.790),(0.854. -0.148. 0.067. 0.495)
15:36:58:446,(1.324. 0.817. 2.790),(0.854. -0.148. 0.068. 0.495)
15:36:58:459,(1.324. 0.817. 2.790),(0.854. -0.148. 0.068. 0.495)
15:36:58:471,(1.324. 0.818. 2.790),(0.854. -0.148. 0.068. 0.495)
15:36:58:483,(1.324. 0.818. 2.790),(0.854. -0.148. 0.068. 0.495)
15:36:58:494,(1.324. 0.818. 2.790),(0.854. -0.148. 0.067. 0.495)
15:36:58:505,(1.324. 0.818. 2.790),(0.854. -0.148. 0.068. 0.495)
15:36:58:521,(1.324. 0.818. 2.790),(0.854. -0.148. 0.068. 0.495)
15:36:58:532,(1.324. 0.818. 2.790),(0.854. -0.148. 0.068. 0.495)
15:36:58:544,(1.323. 0.818. 2.789),(0.854. -0.148. 0.068. 0.495)
15:36:58:559,(1.323. 0.818. 2.789),(0.854. -0.148. 0.068. 0.495)
15:36:58:571,(1.325. 0.817. 2.792),(0.854. -0.148. 0.067. 0.495)
15:36:58:583,(1.325. 0.817. 2.792),(0.854. -0.148. 0.068. 0.494)
15:36:58:594,(1.325. 0.817. 2.792),(0.854. -0.148. 0.067. 0.495)
15:36:58:605,(1.326. 0.817. 2.792),(0.854. -0.148. 0.067. 0.495)
15:36:58:616,(1.326. 0.817. 2.792),(0.854. -0.148. 0.068. 0.495)
15:36:58:626,(1.325. 0.817. 2.792),(0.854. -0.148. 0.067. 0.495)
15:36:58:637,(1.326. 0.817. 2.792),(0.854. -0.148. 0.067. 0.495)
15:36:58:648,(1.326. 0.817. 2.792),(0.854. -0.148. 0.068. 0.495)
15:36:58:66,(1.326. 0.817. 2.792),(0.854. -0.148. 0.067. 0.495)
15:36:58:671,(1.326. 0.817. 2.792),(0.854. -0.148. 0.067. 0.495)
15:36:58:682,(1.326. 0.817. 2.792),(0.854. -0.148. 0.068. 0.495)
15:36:58:693,(1.326. 0.817. 2.792),(0.854. -0.148. 0.068. 0.495)
15:36:58:704,(1.326. 0.817. 2.792),(0.854. -0.148. 0.068. 0.495)
15:36:58:715,(1.326. 0.817. 2.792),(0.854. -0.148. 0.068. 0.495)
15:36:58:726,(1.326. 0.817. 2.793),(0.854. -0.149. 0.068. 0.494)
15:36:58:737,(1.326. 0.817. 2.793),(0.854. -0.149. 0.068. 0.494)
15:36:58:748,(1.326. 0.817. 2.793),(0.854. -0.149. 0.068. 0.494)
15:36:58:76,(1.326. 0.817. 2.793),(0.854. -0.148. 0.068. 0.494)
15:36:58:771,(1.326. 0.817. 2.792),(0.854. -0.148. 0.068. 0.495)
15:36:58:783,(1.326. 0.817. 2.792),(0.854. -0.148. 0.068. 0.495)
15:36:58:793,(1.326. 0.817. 2.792),(0.854. -0.148. 0.068. 0.495)
15:36:58:804,(1.325. 0.817. 2.792),(0.854. -0.148. 0.068. 0.495)
15:36:58:815,(1.325. 0.817. 2.792),(0.854. -0.148. 0.068. 0.495)
15:36:58:825,(1.326. 0.817. 2.793),(0.854. -0.148. 0.068. 0.495)
15:36:58:837,(1.326. 0.817. 2.793),(0.854. -0.148. 0.068. 0.495)
15:36:58:848,(1.326. 0.817. 2.792),(0.854. -0.148. 0.068. 0.495)
15:36:58:859,(1.326. 0.817. 2.792),(0.854. -0.148. 0.068. 0.495)
15:36:58:87,(1.326. 0.817. 2.792),(0.854. -0.148. 0.068. 0.495)
15:36:58:882,(1.325. 0.817. 2.792),(0.854. -0.148. 0.068. 0.495)
15:36:58:892,(1.326. 0.817. 2.792),(0.854. -0.148. 0.068. 0.495)
15:36:58:903,(1.326. 0.817. 2.792),(0.854. -0.148. 0.068. 0.495)
15:36:58:915,(1.326. 0.817. 2.792),(0.854. -0.148. 0.068. 0.495)
15:36:58:926,(1.326. 0.817. 2.792),(0.854. -0.148. 0.068. 0.495)
15:36:58:939,(1.326. 0.817. 2.792),(0.854. -0.148. 0.068. 0.495)
15:36:58:949,(1.326. 0.817. 2.792),(0.854. -0.148. 0.068. 0.495)
15:36:58:959,(1.326. 0.817. 2.792),(0.854. -0.148. 0.068. 0.495)
15:36:58:972,(1.326. 0.817. 2.792),(0.854. -0.148. 0.068. 0.495)
15:36:58:984,(1.326. 0.817. 2.792),(0.854. -0.148. 0.068. 0.495)
15:36:58:996,(1.326. 0.817. 2.792),(0.854. -0.148. 0.068. 0.495)
15:36:59:007,(1.326. 0.817. 2.792),(0.854. -0.148. 0.068. 0.495)
15:36:59:022,(1.325. 0.817. 2.792),(0.854. -0.148. 0.067. 0.495)
15:36:59:036,(1.325. 0.817. 2.792),(0.854. -0.148. 0.068. 0.495)
15:36:59:057,(1.325. 0.817. 2.792),(0.854. -0.148. 0.068. 0.495)
15:36:59:069,(1.326. 0.817. 2.792),(0.854. -0.148. 0.068. 0.495)
15:36:59:082,(1.326. 0.817. 2.792),(0.854. -0.148. 0.068. 0.495)
15:36:59:093,(1.326. 0.817. 2.792),(0.854. -0.148. 0.068. 0.495)
15:36:59:104,(1.326. 0.817. 2.792),(0.854. -0.148. 0.068. 0.495)
15:36:59:115,(1.326. 0.817. 2.792),(0.854. -0.148. 0.068. 0.495)
15:36:59:125,(1.326. 0.817. 2.792),(0.854. -0.148. 0.068. 0.495)
15:36:59:138,(1.326. 0.817. 2.792),(0.854. -0.148. 0.067. 0.495)
15:36:59:152,(1.326. 0.817. 2.792),(0.854. -0.148. 0.067. 0.495)
15:36:59:163,(1.326. 0.817. 2.792),(0.854. -0.148. 0.067. 0.495)
15:36:59:173,(1.326. 0.817. 2.792),(0.854. -0.148. 0.067. 0.495)
15:36:59:184,(1.326. 0.817. 2.792),(0.854. -0.148. 0.067. 0.495)
15:36:59:194,(1.326. 0.817. 2.792),(0.854. -0.148. 0.067. 0.495)
15:36:59:206,(1.325. 0.817. 2.792),(0.853. -0.148. 0.068. 0.495)
15:36:59:218,(1.326. 0.817. 2.792),(0.854. -0.148. 0.067. 0.495)
15:36:59:228,(1.325. 0.817. 2.792),(0.854. -0.148. 0.068. 0.495)
15:36:59:239,(1.325. 0.817. 2.792),(0.854. -0.148. 0.068. 0.495)
15:36:59:25,(1.325. 0.817. 2.792),(0.854. -0.148. 0.068. 0.495)
15:36:59:262,(1.325. 0.817. 2.792),(0.854. -0.148. 0.068. 0.495)
15:36:59:273,(1.325. 0.817. 2.792),(0.854. -0.148. 0.068. 0.495)
15:36:59:286,(1.325. 0.817. 2.792),(0.854. -0.148. 0.068. 0.495)
15:36:59:299,(1.326. 0.817. 2.792),(0.854. -0.148. 0.068. 0.495)
15:36:59:314,(1.326. 0.817. 2.792),(0.854. -0.148. 0.068. 0.495)
15:36:59:326,(1.326. 0.817. 2.792),(0.854. -0.148. 0.068. 0.495)
15:36:59:337,(1.326. 0.817. 2.792),(0.853. -0.148. 0.068. 0.495)
15:36:59:348,(1.326. 0.817. 2.792),(0.853. -0.148. 0.068. 0.495)
15:36:59:359,(1.326. 0.817. 2.792),(0.853. -0.148. 0.068. 0.495)
15:36:59:37,(1.326. 0.817. 2.792),(0.854. -0.148. 0.068. 0.495)
15:36:59:385,(1.326. 0.817. 2.792),(0.854. -0.148. 0.068. 0.495)
15:36:59:397,(1.326. 0.817. 2.792),(0.854. -0.148. 0.068. 0.495)
15:36:59:408,(1.326. 0.817. 2.792),(0.854. -0.148. 0.068. 0.495)
15:36:59:418,(1.326. 0.817. 2.792),(0.854. -0.148. 0.068. 0.495)
15:36:59:43,(1.326. 0.817. 2.792),(0.854. -0.148. 0.068. 0.495)
15:36:59:441,(1.326. 0.817. 2.792),(0.854. -0.148. 0.068. 0.495)
15:36:59:451,(1.326. 0.817. 2.792),(0.854. -0.148. 0.068. 0.495)
15:36:59:462,(1.326. 0.817. 2.792),(0.854. -0.148. 0.068. 0.495)
15:36:59:473,(1.326. 0.817. 2.792),(0.854. -0.148. 0.068. 0.495)
15:36:59:484,(1.326. 0.817. 2.792),(0.854. -0.148. 0.068. 0.495)
15:36:59:496,(1.326. 0.817. 2.792),(0.854. -0.148. 0.068. 0.495)
15:36:59:509,(1.325. 0.817. 2.792),(0.854. -0.148. 0.068. 0.495)
15:36:59:523,(1.325. 0.817. 2.792),(0.854. -0.148. 0.068. 0.495)
15:36:59:534,(1.325. 0.817. 2.792),(0.854. -0.148. 0.068. 0.495)
15:36:59:548,(1.325. 0.817. 2.792),(0.854. -0.148. 0.068. 0.495)
15:36:59:559,(1.325. 0.817. 2.792),(0.854. -0.148. 0.068. 0.495)
15:36:59:571,(1.326. 0.817. 2.792),(0.854. -0.148. 0.068. 0.495)
15:36:59:581,(1.326. 0.817. 2.792),(0.854. -0.148. 0.068. 0.495)
15:36:59:593,(1.326. 0.817. 2.792),(0.854. -0.148. 0.068. 0.495)
15:36:59:604,(1.326. 0.817. 2.792),(0.854. -0.148. 0.068. 0.495)
15:36:59:62,(1.326. 0.817. 2.792),(0.854. -0.148. 0.068. 0.495)
15:36:59:63,(1.326. 0.817. 2.792),(0.854. -0.148. 0.068. 0.495)
15:36:59:642,(1.326. 0.817. 2.792),(0.854. -0.148. 0.068. 0.495)
15:36:59:654,(1.326. 0.817. 2.792),(0.854. -0.148. 0.068. 0.495)
15:36:59:665,(1.326. 0.817. 2.792),(0.854. -0.148. 0.068. 0.495)
15:36:59:676,(1.326. 0.817. 2.792),(0.854. -0.148. 0.068. 0.495)
15:36:59:689,(1.326. 0.817. 2.792),(0.854. -0.148. 0.068. 0.495)
15:36:59:705,(1.326. 0.817. 2.792),(0.854. -0.148. 0.068. 0.495)
15:36:59:717,(1.326. 0.817. 2.792),(0.854. -0.148. 0.068. 0.495)
15:36:59:728,(1.326. 0.817. 2.792),(0.854. -0.148. 0.068. 0.495)
15:36:59:738,(1.326. 0.817. 2.792),(0.854. -0.148. 0.068. 0.495)
15:36:59:75,(1.326. 0.817. 2.792),(0.854. -0.148. 0.068. 0.495)
15:36:59:76,(1.326. 0.817. 2.792),(0.854. -0.148. 0.068. 0.495)
15:36:59:772,(1.326. 0.817. 2.792),(0.854. -0.148. 0.068. 0.494)
15:36:59:783,(1.326. 0.817. 2.792),(0.854. -0.148. 0.068. 0.494)
15:36:59:792,(1.326. 0.817. 2.792),(0.854. -0.148. 0.068. 0.495)
15:36:59:803,(1.326. 0.817. 2.792),(0.854. -0.148. 0.068. 0.495)
15:36:59:814,(1.326. 0.817. 2.792),(0.854. -0.148. 0.068. 0.495)
15:36:59:826,(1.326. 0.817. 2.792),(0.854. -0.148. 0.068. 0.495)
15:36:59:838,(1.326. 0.817. 2.792),(0.854. -0.148. 0.068. 0.495)
15:36:59:85,(1.326. 0.817. 2.792),(0.854. -0.148. 0.067. 0.495)
15:36:59:861,(1.326. 0.817. 2.792),(0.854. -0.148. 0.068. 0.495)
15:36:59:872,(1.326. 0.817. 2.792),(0.854. -0.148. 0.068. 0.494)
15:36:59:883,(1.326. 0.817. 2.792),(0.854. -0.148. 0.068. 0.494)
15:36:59:895,(1.326. 0.817. 2.792),(0.854. -0.148. 0.068. 0.494)
15:36:59:906,(1.326. 0.817. 2.792),(0.854. -0.148. 0.067. 0.495)
15:36:59:918,(1.326. 0.817. 2.792),(0.854. -0.148. 0.068. 0.494)
15:36:59:929,(1.326. 0.817. 2.792),(0.854. -0.148. 0.067. 0.494)
15:36:59:94,(1.326. 0.817. 2.792),(0.854. -0.148. 0.067. 0.494)
15:36:59:951,(1.326. 0.817. 2.792),(0.854. -0.148. 0.067. 0.494)
15:36:59:962,(1.326. 0.817. 2.792),(0.854. -0.148. 0.067. 0.494)
15:36:59:974,(1.326. 0.817. 2.793),(0.854. -0.149. 0.067. 0.494)
15:36:59:986,(1.326. 0.817. 2.793),(0.854. -0.148. 0.068. 0.494)
15:36:59:998,(1.326. 0.817. 2.793),(0.854. -0.148. 0.068. 0.494)
15:37:00:01,(1.326. 0.817. 2.792),(0.854. -0.148. 0.067. 0.494)
15:37:00:022,(1.326. 0.817. 2.793),(0.854. -0.148. 0.068. 0.494)
15:37:00:035,(1.326. 0.817. 2.792),(0.854. -0.148. 0.067. 0.494)
15:37:00:048,(1.326. 0.817. 2.792),(0.854. -0.149. 0.068. 0.495)
15:37:00:06,(1.326. 0.817. 2.792),(0.854. -0.148. 0.067. 0.495)
15:37:00:072,(1.326. 0.817. 2.792),(0.854. -0.149. 0.067. 0.494)
15:37:00:083,(1.326. 0.817. 2.792),(0.854. -0.148. 0.067. 0.494)
15:37:00:094,(1.326. 0.817. 2.792),(0.854. -0.148. 0.068. 0.494)
15:37:00:107,(1.326. 0.817. 2.792),(0.854. -0.148. 0.067. 0.494)
15:37:00:121,(1.326. 0.817. 2.792),(0.854. -0.148. 0.067. 0.494)
15:37:00:137,(1.326. 0.817. 2.792),(0.854. -0.148. 0.067. 0.495)
15:37:00:148,(1.326. 0.817. 2.792),(0.854. -0.149. 0.067. 0.494)
15:37:00:159,(1.326. 0.817. 2.792),(0.854. -0.148. 0.067. 0.494)
15:37:00:17,(1.326. 0.817. 2.793),(0.854. -0.149. 0.067. 0.494)
15:37:00:182,(1.326. 0.817. 2.793),(0.854. -0.149. 0.067. 0.494)
15:37:00:195,(1.326. 0.817. 2.793),(0.854. -0.149. 0.067. 0.494)
15:37:00:206,(1.326. 0.817. 2.793),(0.854. -0.148. 0.067. 0.494)
15:37:00:216,(1.326. 0.817. 2.793),(0.854. -0.148. 0.067. 0.494)
15:37:00:226,(1.326. 0.817. 2.793),(0.854. -0.149. 0.067. 0.494)
15:37:00:236,(1.326. 0.817. 2.793),(0.854. -0.148. 0.067. 0.494)
15:37:00:247,(1.326. 0.817. 2.793),(0.854. -0.149. 0.067. 0.495)
15:37:00:258,(1.326. 0.817. 2.793),(0.854. -0.149. 0.067. 0.495)
15:37:00:269,(1.326. 0.817. 2.792),(0.854. -0.149. 0.067. 0.495)
15:37:00:28,(1.326. 0.817. 2.792),(0.854. -0.149. 0.067. 0.495)
15:37:00:291,(1.326. 0.817. 2.793),(0.854. -0.149. 0.067. 0.494)
15:37:00:303,(1.326. 0.817. 2.792),(0.854. -0.149. 0.067. 0.494)
15:37:00:314,(1.326. 0.817. 2.793),(0.854. -0.148. 0.067. 0.494)
15:37:00:325,(1.326. 0.817. 2.793),(0.854. -0.148. 0.067. 0.494)
15:37:00:336,(1.326. 0.817. 2.793),(0.854. -0.149. 0.067. 0.494)
15:37:00:348,(1.326. 0.817. 2.792),(0.854. -0.148. 0.067. 0.494)
15:37:00:359,(1.326. 0.817. 2.792),(0.854. -0.149. 0.067. 0.494)
15:37:00:369,(1.326. 0.817. 2.793),(0.854. -0.149. 0.067. 0.494)
15:37:00:381,(1.326. 0.817. 2.793),(0.854. -0.149. 0.067. 0.494)
15:37:00:392,(1.326. 0.817. 2.793),(0.854. -0.149. 0.067. 0.494)
15:37:00:403,(1.326. 0.817. 2.793),(0.854. -0.149. 0.067. 0.494)
15:37:00:414,(1.326. 0.817. 2.793),(0.854. -0.149. 0.067. 0.494)
15:37:00:425,(1.326. 0.817. 2.793),(0.854. -0.149. 0.067. 0.494)
15:37:00:436,(1.326. 0.817. 2.793),(0.854. -0.149. 0.067. 0.494)
15:37:00:447,(1.326. 0.817. 2.793),(0.854. -0.149. 0.067. 0.494)
15:37:00:458,(1.326. 0.817. 2.793),(0.854. -0.149. 0.067. 0.495)
15:37:00:47,(1.326. 0.817. 2.792),(0.854. -0.149. 0.067. 0.495)
15:37:00:481,(1.326. 0.817. 2.793),(0.854. -0.149. 0.067. 0.495)
15:37:00:493,(1.326. 0.817. 2.792),(0.854. -0.149. 0.067. 0.495)
15:37:00:503,(1.326. 0.817. 2.793),(0.854. -0.149. 0.067. 0.494)
15:37:00:515,(1.326. 0.817. 2.793),(0.854. -0.149. 0.067. 0.494)
15:37:00:526,(1.326. 0.817. 2.793),(0.854. -0.149. 0.067. 0.494)
15:37:00:538,(1.326. 0.817. 2.793),(0.854. -0.149. 0.067. 0.494)
15:37:00:55,(1.326. 0.817. 2.793),(0.854. -0.149. 0.067. 0.494)
15:37:00:561,(1.326. 0.817. 2.793),(0.854. -0.149. 0.067. 0.494)
15:37:00:573,(1.326. 0.817. 2.793),(0.854. -0.149. 0.067. 0.494)
15:37:00:585,(1.326. 0.817. 2.793),(0.854. -0.149. 0.067. 0.494)
15:37:00:595,(1.326. 0.817. 2.793),(0.854. -0.149. 0.067. 0.494)
15:37:00:605,(1.326. 0.817. 2.793),(0.854. -0.149. 0.067. 0.494)
15:37:00:615,(1.326. 0.817. 2.793),(0.854. -0.149. 0.067. 0.495)
15:37:00:626,(1.326. 0.817. 2.793),(0.854. -0.149. 0.067. 0.494)
15:37:00:637,(1.326. 0.817. 2.793),(0.854. -0.149. 0.067. 0.494)
15:37:00:648,(1.326. 0.817. 2.793),(0.854. -0.149. 0.067. 0.494)
15:37:00:659,(1.326. 0.817. 2.793),(0.854. -0.149. 0.067. 0.494)
15:37:00:669,(1.326. 0.817. 2.793),(0.854. -0.149. 0.067. 0.494)
15:37:00:68,(1.326. 0.817. 2.793),(0.854. -0.149. 0.067. 0.494)
15:37:00:691,(1.326. 0.817. 2.793),(0.854. -0.149. 0.067. 0.494)
15:37:00:702,(1.326. 0.817. 2.793),(0.854. -0.149. 0.067. 0.494)
15:37:00:714,(1.326. 0.817. 2.793),(0.854. -0.149. 0.067. 0.495)
15:37:00:729,(1.326. 0.817. 2.793),(0.854. -0.149. 0.067. 0.494)
15:37:00:739,(1.326. 0.817. 2.793),(0.854. -0.149. 0.067. 0.494)
15:37:00:749,(1.326. 0.817. 2.793),(0.854. -0.149. 0.067. 0.494)
15:37:00:76,(1.326. 0.817. 2.793),(0.854. -0.149. 0.067. 0.494)
15:37:00:77,(1.326. 0.817. 2.793),(0.854. -0.149. 0.067. 0.494)
15:37:00:78,(1.326. 0.817. 2.793),(0.854. -0.149. 0.067. 0.494)
15:37:00:791,(1.326. 0.817. 2.793),(0.854. -0.149. 0.067. 0.494)
15:37:00:803,(1.326. 0.817. 2.793),(0.854. -0.149. 0.067. 0.494)
15:37:00:814,(1.326. 0.816. 2.793),(0.854. -0.149. 0.067. 0.494)
15:37:00:825,(1.326. 0.817. 2.793),(0.854. -0.149. 0.067. 0.494)
15:37:00:836,(1.326. 0.817. 2.793),(0.854. -0.149. 0.067. 0.494)
15:37:00:847,(1.326. 0.817. 2.793),(0.854. -0.149. 0.067. 0.494)
15:37:00:859,(1.326. 0.817. 2.793),(0.854. -0.149. 0.067. 0.494)
15:37:00:869,(1.326. 0.817. 2.793),(0.854. -0.149. 0.067. 0.494)
15:37:00:88,(1.326. 0.817. 2.793),(0.854. -0.149. 0.067. 0.494)
15:37:00:892,(1.326. 0.817. 2.793),(0.854. -0.149. 0.067. 0.494)
15:37:00:903,(1.326. 0.817. 2.793),(0.854. -0.149. 0.067. 0.494)
15:37:00:914,(1.326. 0.817. 2.793),(0.854. -0.149. 0.067. 0.494)
15:37:00:925,(1.326. 0.817. 2.793),(0.854. -0.149. 0.067. 0.494)
15:37:00:936,(1.326. 0.816. 2.793),(0.854. -0.149. 0.067. 0.494)
15:37:00:947,(1.326. 0.817. 2.793),(0.854. -0.149. 0.067. 0.494)
15:37:00:959,(1.326. 0.817. 2.793),(0.854. -0.149. 0.067. 0.494)
15:37:00:97,(1.326. 0.817. 2.793),(0.854. -0.149. 0.067. 0.494)
15:37:00:981,(1.326. 0.816. 2.793),(0.854. -0.149. 0.067. 0.494)
15:37:00:992,(1.326. 0.817. 2.793),(0.854. -0.149. 0.067. 0.494)
15:37:01:003,(1.326. 0.817. 2.793),(0.854. -0.149. 0.067. 0.495)
15:37:01:014,(1.326. 0.816. 2.793),(0.854. -0.149. 0.067. 0.494)
15:37:01:025,(1.326. 0.816. 2.793),(0.854. -0.149. 0.067. 0.494)
15:37:01:036,(1.326. 0.816. 2.793),(0.854. -0.149. 0.067. 0.494)
15:37:01:047,(1.326. 0.816. 2.793),(0.854. -0.149. 0.067. 0.494)
15:37:01:058,(1.326. 0.817. 2.793),(0.854. -0.149. 0.067. 0.494)
15:37:01:07,(1.326. 0.817. 2.793),(0.854. -0.149. 0.067. 0.494)
15:37:01:081,(1.326. 0.817. 2.793),(0.854. -0.149. 0.067. 0.494)
15:37:01:092,(1.326. 0.817. 2.793),(0.854. -0.149. 0.067. 0.494)
15:37:01:103,(1.326. 0.817. 2.793),(0.854. -0.149. 0.067. 0.494)
15:37:01:114,(1.326. 0.817. 2.793),(0.854. -0.149. 0.067. 0.494)
15:37:01:125,(1.326. 0.817. 2.793),(0.854. -0.149. 0.067. 0.494)
15:37:01:136,(1.326. 0.817. 2.793),(0.854. -0.149. 0.067. 0.494)
15:37:01:147,(1.326. 0.817. 2.793),(0.854. -0.149. 0.067. 0.494)
15:37:01:159,(1.326. 0.817. 2.793),(0.854. -0.149. 0.067. 0.494)
15:37:01:169,(1.326. 0.817. 2.793),(0.854. -0.149. 0.067. 0.494)
15:37:01:181,(1.326. 0.817. 2.793),(0.854. -0.149. 0.067. 0.494)
15:37:01:192,(1.326. 0.817. 2.793),(0.854. -0.149. 0.067. 0.494)
15:37:01:202,(1.326. 0.817. 2.793),(0.854. -0.149. 0.067. 0.494)
15:37:01:213,(1.326. 0.817. 2.793),(0.854. -0.149. 0.067. 0.494)
15:37:01:224,(1.326. 0.817. 2.793),(0.854. -0.149. 0.067. 0.494)
15:37:01:236,(1.326. 0.817. 2.793),(0.854. -0.149. 0.067. 0.494)
15:37:01:247,(1.326. 0.817. 2.793),(0.854. -0.149. 0.067. 0.494)
15:37:01:258,(1.326. 0.817. 2.793),(0.854. -0.149. 0.067. 0.494)
15:37:01:273,(1.326. 0.817. 2.793),(0.854. -0.149. 0.067. 0.494)
15:37:01:286,(1.326. 0.816. 2.793),(0.854. -0.149. 0.067. 0.494)
15:37:01:298,(1.326. 0.816. 2.793),(0.854. -0.149. 0.067. 0.494)
15:37:01:308,(1.326. 0.816. 2.793),(0.854. -0.149. 0.067. 0.494)
15:37:01:319,(1.326. 0.817. 2.793),(0.854. -0.149. 0.067. 0.494)
15:37:01:33,(1.326. 0.817. 2.793),(0.854. -0.149. 0.067. 0.494)
15:37:01:34,(1.326. 0.817. 2.793),(0.854. -0.149. 0.067. 0.494)
15:37:01:351,(1.326. 0.817. 2.793),(0.854. -0.149. 0.067. 0.494)
15:37:01:361,(1.326. 0.817. 2.793),(0.854. -0.149. 0.067. 0.494)
15:37:01:371,(1.326. 0.817. 2.793),(0.854. -0.149. 0.067. 0.494)
15:37:01:383,(1.326. 0.817. 2.793),(0.854. -0.149. 0.067. 0.494)
15:37:01:393,(1.326. 0.817. 2.793),(0.854. -0.149. 0.067. 0.494)
15:37:01:403,(1.326. 0.817. 2.793),(0.854. -0.149. 0.067. 0.494)
15:37:01:414,(1.326. 0.817. 2.793),(0.854. -0.149. 0.067. 0.494)
15:37:01:425,(1.326. 0.817. 2.793),(0.854. -0.149. 0.067. 0.494)
15:37:01:436,(1.326. 0.817. 2.793),(0.854. -0.149. 0.067. 0.494)
15:37:01:447,(1.326. 0.817. 2.793),(0.854. -0.149. 0.067. 0.494)
15:37:01:458,(1.326. 0.817. 2.793),(0.854. -0.149. 0.067. 0.494)
15:37:01:469,(1.326. 0.817. 2.793),(0.854. -0.149. 0.067. 0.494)
15:37:01:48,(1.326. 0.817. 2.793),(0.854. -0.149. 0.067. 0.494)
15:37:01:492,(1.326. 0.817. 2.793),(0.854. -0.149. 0.067. 0.494)
15:37:01:503,(1.326. 0.817. 2.793),(0.854. -0.149. 0.067. 0.494)
15:37:01:514,(1.326. 0.817. 2.793),(0.854. -0.149. 0.067. 0.494)
15:37:01:525,(1.326. 0.816. 2.793),(0.854. -0.149. 0.067. 0.494)
15:37:01:536,(1.326. 0.816. 2.793),(0.854. -0.149. 0.067. 0.494)
15:37:01:548,(1.326. 0.817. 2.793),(0.854. -0.149. 0.067. 0.494)
15:37:01:558,(1.326. 0.817. 2.793),(0.854. -0.149. 0.067. 0.494)
15:37:01:569,(1.326. 0.817. 2.793),(0.854. -0.149. 0.067. 0.494)
15:37:01:581,(1.326. 0.817. 2.793),(0.854. -0.149. 0.067. 0.494)
15:37:01:592,(1.326. 0.817. 2.793),(0.854. -0.149. 0.067. 0.494)
15:37:01:602,(1.326. 0.817. 2.793),(0.854. -0.149. 0.067. 0.494)
15:37:01:614,(1.326. 0.817. 2.793),(0.854. -0.149. 0.067. 0.494)
15:37:01:625,(1.326. 0.817. 2.793),(0.854. -0.149. 0.067. 0.494)
15:37:01:635,(1.326. 0.817. 2.793),(0.854. -0.149. 0.067. 0.494)
15:37:01:647,(1.326. 0.817. 2.793),(0.854. -0.149. 0.067. 0.494)
15:37:01:658,(1.326. 0.817. 2.793),(0.854. -0.149. 0.067. 0.494)
15:37:01:669,(1.326. 0.817. 2.793),(0.854. -0.149. 0.067. 0.494)
15:37:01:681,(1.326. 0.817. 2.793),(0.854. -0.149. 0.067. 0.494)
15:37:01:691,(1.326. 0.817. 2.793),(0.854. -0.149. 0.067. 0.494)
15:37:01:702,(1.326. 0.817. 2.793),(0.854. -0.149. 0.067. 0.494)
15:37:01:713,(1.326. 0.817. 2.793),(0.854. -0.149. 0.067. 0.494)
15:37:01:725,(1.326. 0.817. 2.793),(0.854. -0.149. 0.067. 0.494)
15:37:01:737,(1.326. 0.817. 2.793),(0.854. -0.149. 0.067. 0.494)
15:37:01:747,(1.326. 0.817. 2.793),(0.854. -0.149. 0.067. 0.494)
15:37:01:759,(1.326. 0.817. 2.793),(0.854. -0.149. 0.067. 0.494)
15:37:01:769,(1.326. 0.817. 2.793),(0.854. -0.149. 0.067. 0.494)
15:37:01:782,(1.326. 0.817. 2.793),(0.854. -0.149. 0.067. 0.494)
15:37:01:792,(1.326. 0.817. 2.793),(0.854. -0.149. 0.067. 0.494)
15:37:01:808,(1.326. 0.817. 2.793),(0.854. -0.149. 0.067. 0.494)
15:37:01:82,(1.326. 0.817. 2.793),(0.854. -0.149. 0.067. 0.494)
15:37:01:83,(1.326. 0.817. 2.793),(0.854. -0.149. 0.067. 0.494)
15:37:01:841,(1.326. 0.817. 2.793),(0.854. -0.149. 0.068. 0.494)
15:37:01:851,(1.326. 0.817. 2.793),(0.854. -0.149. 0.067. 0.494)
15:37:01:862,(1.326. 0.817. 2.793),(0.854. -0.149. 0.067. 0.494)
15:37:01:873,(1.326. 0.817. 2.793),(0.854. -0.149. 0.067. 0.494)
15:37:01:885,(1.326. 0.817. 2.793),(0.854. -0.149. 0.068. 0.494)
15:37:01:897,(1.326. 0.817. 2.793),(0.854. -0.149. 0.067. 0.494)
15:37:01:907,(1.326. 0.817. 2.793),(0.854. -0.149. 0.067. 0.494)
15:37:01:918,(1.326. 0.817. 2.793),(0.854. -0.149. 0.067. 0.494)
15:37:01:928,(1.326. 0.817. 2.793),(0.854. -0.149. 0.067. 0.494)
15:37:01:938,(1.326. 0.817. 2.793),(0.854. -0.149. 0.067. 0.494)
15:37:01:949,(1.326. 0.817. 2.793),(0.854. -0.149. 0.067. 0.494)
15:37:01:96,(1.326. 0.817. 2.793),(0.854. -0.149. 0.068. 0.494)
15:37:01:972,(1.326. 0.817. 2.793),(0.854. -0.149. 0.068. 0.494)
15:37:01:992,(1.326. 0.817. 2.793),(0.854. -0.149. 0.067. 0.494)
15:37:02:003,(1.326. 0.817. 2.793),(0.854. -0.149. 0.067. 0.494)
15:37:02:013,(1.326. 0.817. 2.793),(0.854. -0.149. 0.067. 0.494)
15:37:02:025,(1.326. 0.817. 2.793),(0.854. -0.149. 0.068. 0.494)
15:37:02:036,(1.326. 0.817. 2.793),(0.854. -0.149. 0.068. 0.494)
15:37:02:048,(1.326. 0.817. 2.793),(0.854. -0.149. 0.067. 0.494)
15:37:02:058,(1.326. 0.817. 2.793),(0.854. -0.149. 0.068. 0.494)
15:37:02:069,(1.326. 0.817. 2.793),(0.854. -0.149. 0.067. 0.494)
15:37:02:08,(1.326. 0.817. 2.793),(0.854. -0.149. 0.068. 0.494)
15:37:02:092,(1.326. 0.817. 2.793),(0.854. -0.149. 0.067. 0.494)
15:37:02:102,(1.326. 0.817. 2.793),(0.854. -0.149. 0.068. 0.494)
15:37:02:114,(1.326. 0.817. 2.793),(0.854. -0.149. 0.067. 0.494)
15:37:02:125,(1.326. 0.817. 2.793),(0.854. -0.149. 0.068. 0.494)
15:37:02:136,(1.326. 0.817. 2.793),(0.854. -0.149. 0.067. 0.494)
15:37:02:147,(1.326. 0.817. 2.793),(0.854. -0.149. 0.068. 0.494)
15:37:02:158,(1.326. 0.817. 2.793),(0.854. -0.149. 0.067. 0.494)
15:37:02:169,(1.326. 0.817. 2.793),(0.854. -0.149. 0.067. 0.494)
15:37:02:181,(1.326. 0.817. 2.793),(0.854. -0.149. 0.067. 0.494)
15:37:02:192,(1.326. 0.817. 2.793),(0.854. -0.149. 0.067. 0.494)
15:37:02:203,(1.326. 0.817. 2.793),(0.854. -0.149. 0.068. 0.494)
15:37:02:214,(1.326. 0.817. 2.793),(0.854. -0.149. 0.067. 0.494)
15:37:02:224,(1.326. 0.817. 2.793),(0.854. -0.149. 0.068. 0.494)
15:37:02:235,(1.326. 0.817. 2.793),(0.854. -0.149. 0.068. 0.494)
15:37:02:246,(1.326. 0.817. 2.792),(0.854. -0.149. 0.067. 0.494)
15:37:02:257,(1.326. 0.817. 2.792),(0.854. -0.149. 0.067. 0.494)
15:37:02:268,(1.326. 0.817. 2.792),(0.854. -0.149. 0.067. 0.494)
15:37:02:28,(1.326. 0.817. 2.792),(0.854. -0.149. 0.067. 0.494)
15:37:02:291,(1.326. 0.817. 2.793),(0.854. -0.149. 0.067. 0.494)
15:37:02:302,(1.326. 0.817. 2.793),(0.854. -0.149. 0.067. 0.494)
15:37:02:313,(1.326. 0.817. 2.793),(0.854. -0.149. 0.067. 0.494)
15:37:02:324,(1.326. 0.817. 2.793),(0.854. -0.149. 0.067. 0.494)
15:37:02:335,(1.326. 0.817. 2.793),(0.854. -0.149. 0.067. 0.494)
15:37:02:347,(1.326. 0.817. 2.793),(0.854. -0.149. 0.067. 0.494)
15:37:02:362,(1.326. 0.816. 2.793),(0.854. -0.149. 0.067. 0.494)
15:37:02:376,(1.326. 0.816. 2.793),(0.854. -0.149. 0.067. 0.494)
15:37:02:387,(1.326. 0.816. 2.793),(0.854. -0.149. 0.067. 0.494)
15:37:02:397,(1.326. 0.816. 2.793),(0.854. -0.149. 0.067. 0.494)
15:37:02:408,(1.326. 0.817. 2.793),(0.854. -0.149. 0.067. 0.494)
15:37:02:419,(1.326. 0.817. 2.793),(0.854. -0.149. 0.067. 0.494)
15:37:02:428,(1.326. 0.817. 2.793),(0.854. -0.149. 0.067. 0.494)
15:37:02:439,(1.326. 0.817. 2.793),(0.854. -0.149. 0.067. 0.494)
15:37:02:449,(1.326. 0.817. 2.793),(0.854. -0.149. 0.067. 0.494)
15:37:02:46,(1.326. 0.817. 2.793),(0.854. -0.149. 0.067. 0.494)
15:37:02:471,(1.326. 0.817. 2.793),(0.854. -0.149. 0.067. 0.494)
15:37:02:481,(1.326. 0.817. 2.793),(0.854. -0.149. 0.067. 0.494)
15:37:02:491,(1.326. 0.816. 2.793),(0.854. -0.149. 0.067. 0.494)
15:37:02:502,(1.326. 0.816. 2.793),(0.854. -0.149. 0.067. 0.494)
15:37:02:513,(1.326. 0.817. 2.793),(0.854. -0.149. 0.067. 0.494)
15:37:02:524,(1.326. 0.816. 2.793),(0.854. -0.149. 0.067. 0.494)
15:37:02:535,(1.326. 0.817. 2.793),(0.854. -0.149. 0.067. 0.494)
15:37:02:547,(1.326. 0.816. 2.793),(0.854. -0.149. 0.067. 0.494)
15:37:02:558,(1.326. 0.816. 2.793),(0.854. -0.149. 0.067. 0.494)
15:37:02:568,(1.326. 0.816. 2.793),(0.854. -0.149. 0.067. 0.494)
15:37:02:58,(1.326. 0.817. 2.793),(0.854. -0.149. 0.067. 0.494)
15:37:02:591,(1.326. 0.817. 2.793),(0.854. -0.149. 0.067. 0.494)
15:37:02:602,(1.326. 0.816. 2.793),(0.854. -0.149. 0.067. 0.494)
15:37:02:613,(1.326. 0.817. 2.793),(0.854. -0.149. 0.067. 0.494)
15:37:02:624,(1.326. 0.817. 2.793),(0.854. -0.149. 0.067. 0.494)
15:37:02:635,(1.326. 0.817. 2.793),(0.854. -0.149. 0.068. 0.494)
15:37:02:646,(1.326. 0.817. 2.793),(0.854. -0.149. 0.067. 0.494)
15:37:02:657,(1.326. 0.817. 2.793),(0.854. -0.149. 0.067. 0.494)
15:37:02:668,(1.326. 0.817. 2.793),(0.854. -0.149. 0.067. 0.494)
15:37:02:68,(1.326. 0.817. 2.793),(0.854. -0.149. 0.067. 0.494)
15:37:02:691,(1.326. 0.817. 2.793),(0.854. -0.149. 0.067. 0.494)
15:37:02:702,(1.326. 0.817. 2.793),(0.854. -0.149. 0.067. 0.494)
15:37:02:713,(1.326. 0.817. 2.793),(0.854. -0.149. 0.067. 0.494)
15:37:02:724,(1.326. 0.817. 2.793),(0.854. -0.149. 0.067. 0.494)
15:37:02:735,(1.326. 0.817. 2.793),(0.854. -0.149. 0.067. 0.494)
15:37:02:746,(1.326. 0.817. 2.793),(0.854. -0.149. 0.067. 0.494)
15:37:02:757,(1.326. 0.817. 2.793),(0.854. -0.149. 0.067. 0.494)
15:37:02:769,(1.326. 0.817. 2.793),(0.854. -0.149. 0.067. 0.494)
15:37:02:78,(1.326. 0.817. 2.793),(0.854. -0.149. 0.067. 0.494)
15:37:02:791,(1.326. 0.817. 2.793),(0.854. -0.148. 0.067. 0.494)
15:37:02:802,(1.326. 0.817. 2.793),(0.854. -0.148. 0.067. 0.494)
15:37:02:813,(1.326. 0.817. 2.793),(0.854. -0.148. 0.067. 0.494)
15:37:02:824,(1.326. 0.817. 2.793),(0.854. -0.148. 0.067. 0.494)
15:37:02:835,(1.326. 0.817. 2.793),(0.854. -0.149. 0.067. 0.494)
15:37:02:846,(1.326. 0.817. 2.793),(0.854. -0.148. 0.067. 0.494)
15:37:02:857,(1.326. 0.817. 2.793),(0.854. -0.148. 0.067. 0.494)
15:37:02:868,(1.326. 0.817. 2.793),(0.854. -0.148. 0.067. 0.494)
15:37:02:88,(1.326. 0.817. 2.793),(0.854. -0.148. 0.067. 0.494)
15:37:02:895,(1.326. 0.816. 2.793),(0.854. -0.148. 0.067. 0.494)
15:37:02:905,(1.326. 0.816. 2.793),(0.854. -0.148. 0.067. 0.494)
15:37:02:916,(1.326. 0.816. 2.793),(0.854. -0.148. 0.067. 0.494)
15:37:02:926,(1.326. 0.816. 2.793),(0.854. -0.148. 0.067. 0.494)
15:37:02:937,(1.326. 0.816. 2.793),(0.854. -0.149. 0.067. 0.494)
15:37:02:947,(1.326. 0.816. 2.793),(0.854. -0.149. 0.067. 0.494)
15:37:02:958,(1.326. 0.816. 2.793),(0.854. -0.149. 0.067. 0.494)
15:37:02:969,(1.326. 0.816. 2.793),(0.854. -0.149. 0.067. 0.494)
15:37:02:98,(1.326. 0.816. 2.793),(0.854. -0.148. 0.067. 0.494)
15:37:02:991,(1.326. 0.816. 2.793),(0.854. -0.148. 0.067. 0.494)
15:37:03:002,(1.326. 0.816. 2.793),(0.854. -0.148. 0.067. 0.494)
15:37:03:013,(1.326. 0.816. 2.793),(0.854. -0.148. 0.067. 0.494)
15:37:03:024,(1.326. 0.816. 2.793),(0.854. -0.148. 0.067. 0.494)
15:37:03:036,(1.326. 0.816. 2.793),(0.854. -0.148. 0.067. 0.494)
15:37:03:047,(1.326. 0.816. 2.793),(0.854. -0.148. 0.067. 0.494)
15:37:03:058,(1.326. 0.816. 2.793),(0.854. -0.149. 0.067. 0.494)
15:37:03:069,(1.326. 0.816. 2.793),(0.854. -0.148. 0.067. 0.494)
15:37:03:08,(1.326. 0.816. 2.793),(0.854. -0.148. 0.067. 0.494)
15:37:03:091,(1.326. 0.816. 2.793),(0.854. -0.148. 0.067. 0.494)
15:37:03:102,(1.326. 0.816. 2.793),(0.854. -0.148. 0.067. 0.494)
15:37:03:113,(1.326. 0.816. 2.793),(0.854. -0.148. 0.067. 0.494)
15:37:03:124,(1.326. 0.816. 2.793),(0.854. -0.148. 0.067. 0.494)
15:37:03:135,(1.326. 0.816. 2.793),(0.854. -0.148. 0.067. 0.494)
15:37:03:146,(1.326. 0.816. 2.793),(0.854. -0.148. 0.067. 0.494)
15:37:03:157,(1.326. 0.816. 2.793),(0.854. -0.148. 0.067. 0.494)
15:37:03:168,(1.326. 0.817. 2.793),(0.854. -0.148. 0.067. 0.494)
15:37:03:179,(1.326. 0.816. 2.793),(0.854. -0.148. 0.067. 0.494)
15:37:03:19,(1.326. 0.817. 2.793),(0.854. -0.148. 0.067. 0.494)
15:37:03:201,(1.326. 0.817. 2.793),(0.854. -0.148. 0.067. 0.494)
15:37:03:212,(1.326. 0.817. 2.793),(0.854. -0.148. 0.067. 0.494)
15:37:03:224,(1.326. 0.817. 2.793),(0.854. -0.148. 0.067. 0.494)
15:37:03:235,(1.326. 0.817. 2.793),(0.854. -0.148. 0.067. 0.494)
15:37:03:246,(1.326. 0.817. 2.793),(0.854. -0.148. 0.067. 0.494)
15:37:03:257,(1.326. 0.817. 2.793),(0.854. -0.148. 0.067. 0.494)
15:37:03:268,(1.326. 0.817. 2.793),(0.854. -0.148. 0.067. 0.494)
15:37:03:279,(1.326. 0.817. 2.793),(0.854. -0.148. 0.067. 0.494)
15:37:03:291,(1.326. 0.817. 2.793),(0.854. -0.148. 0.067. 0.494)
15:37:03:302,(1.326. 0.817. 2.793),(0.854. -0.148. 0.067. 0.494)
15:37:03:313,(1.326. 0.817. 2.793),(0.854. -0.148. 0.067. 0.494)
15:37:03:324,(1.326. 0.817. 2.793),(0.854. -0.148. 0.067. 0.494)
15:37:03:335,(1.326. 0.817. 2.793),(0.854. -0.148. 0.067. 0.494)
15:37:03:347,(1.326. 0.817. 2.793),(0.854. -0.148. 0.067. 0.494)
15:37:03:357,(1.326. 0.817. 2.793),(0.854. -0.148. 0.067. 0.494)
15:37:03:369,(1.326. 0.817. 2.793),(0.854. -0.148. 0.067. 0.494)
15:37:03:38,(1.326. 0.817. 2.793),(0.854. -0.148. 0.067. 0.494)
15:37:03:391,(1.326. 0.817. 2.793),(0.854. -0.148. 0.067. 0.494)
15:37:03:402,(1.326. 0.816. 2.793),(0.854. -0.148. 0.067. 0.494)
15:37:03:413,(1.326. 0.816. 2.793),(0.854. -0.148. 0.067. 0.494)
15:37:03:424,(1.326. 0.816. 2.793),(0.854. -0.148. 0.067. 0.494)
15:37:03:439,(1.326. 0.816. 2.793),(0.854. -0.148. 0.067. 0.494)
15:37:03:45,(1.326. 0.816. 2.793),(0.854. -0.148. 0.067. 0.494)
15:37:03:459,(1.326. 0.816. 2.793),(0.854. -0.148. 0.067. 0.494)
15:37:03:47,(1.326. 0.817. 2.793),(0.854. -0.148. 0.067. 0.494)
15:37:03:48,(1.326. 0.817. 2.793),(0.854. -0.148. 0.067. 0.494)
15:37:03:494,(1.326. 0.817. 2.793),(0.854. -0.148. 0.067. 0.494)
15:37:03:506,(1.326. 0.817. 2.793),(0.854. -0.148. 0.067. 0.494)
15:37:03:517,(1.326. 0.817. 2.793),(0.854. -0.148. 0.067. 0.494)
15:37:03:527,(1.326. 0.817. 2.793),(0.854. -0.148. 0.067. 0.494)
15:37:03:538,(1.326. 0.817. 2.793),(0.854. -0.148. 0.067. 0.494)
15:37:03:548,(1.326. 0.817. 2.793),(0.854. -0.148. 0.067. 0.494)
15:37:03:558,(1.326. 0.817. 2.793),(0.854. -0.148. 0.067. 0.495)
15:37:03:568,(1.326. 0.817. 2.793),(0.854. -0.148. 0.067. 0.495)
15:37:03:58,(1.326. 0.817. 2.793),(0.854. -0.148. 0.067. 0.494)
15:37:03:591,(1.326. 0.817. 2.793),(0.854. -0.148. 0.067. 0.494)
15:37:03:603,(1.326. 0.817. 2.793),(0.854. -0.148. 0.067. 0.494)
15:37:03:614,(1.326. 0.817. 2.793),(0.854. -0.148. 0.067. 0.494)
15:37:03:635,(1.326. 0.817. 2.793),(0.854. -0.148. 0.067. 0.494)
15:37:03:647,(1.326. 0.817. 2.793),(0.854. -0.148. 0.067. 0.494)
15:37:03:657,(1.326. 0.817. 2.793),(0.854. -0.148. 0.067. 0.495)
15:37:03:669,(1.326. 0.817. 2.793),(0.854. -0.148. 0.067. 0.494)
15:37:03:68,(1.326. 0.817. 2.793),(0.854. -0.148. 0.067. 0.495)
15:37:03:691,(1.326. 0.817. 2.793),(0.854. -0.148. 0.067. 0.495)
15:37:03:702,(1.326. 0.817. 2.793),(0.854. -0.148. 0.067. 0.494)
15:37:03:713,(1.326. 0.817. 2.793),(0.854. -0.148. 0.067. 0.494)
15:37:03:724,(1.326. 0.817. 2.793),(0.854. -0.148. 0.067. 0.494)
15:37:03:734,(1.326. 0.817. 2.793),(0.854. -0.148. 0.067. 0.494)
15:37:03:746,(1.326. 0.817. 2.793),(0.854. -0.148. 0.067. 0.494)
15:37:03:757,(1.326. 0.817. 2.793),(0.854. -0.148. 0.067. 0.494)
15:37:03:768,(1.326. 0.817. 2.793),(0.854. -0.148. 0.067. 0.495)
15:37:03:779,(1.326. 0.817. 2.793),(0.854. -0.148. 0.067. 0.495)
15:37:03:79,(1.326. 0.817. 2.793),(0.854. -0.148. 0.067. 0.495)
15:37:03:801,(1.326. 0.817. 2.793),(0.854. -0.148. 0.067. 0.495)
15:37:03:812,(1.326. 0.817. 2.793),(0.854. -0.148. 0.067. 0.495)
15:37:03:824,(1.326. 0.817. 2.793),(0.854. -0.148. 0.067. 0.494)
15:37:03:835,(1.326. 0.817. 2.793),(0.854. -0.148. 0.067. 0.494)
15:37:03:846,(1.326. 0.817. 2.793),(0.854. -0.148. 0.067. 0.494)
15:37:03:857,(1.326. 0.817. 2.793),(0.854. -0.148. 0.067. 0.495)
15:37:03:868,(1.326. 0.817. 2.793),(0.854. -0.148. 0.067. 0.494)
15:37:03:879,(1.326. 0.817. 2.793),(0.854. -0.148. 0.067. 0.494)
15:37:03:891,(1.326. 0.817. 2.793),(0.854. -0.148. 0.067. 0.495)
15:37:03:902,(1.326. 0.817. 2.793),(0.854. -0.148. 0.067. 0.495)
15:37:03:913,(1.326. 0.817. 2.793),(0.854. -0.148. 0.067. 0.495)
15:37:03:924,(1.326. 0.817. 2.793),(0.854. -0.148. 0.067. 0.495)
15:37:03:935,(1.326. 0.817. 2.793),(0.854. -0.148. 0.067. 0.495)
15:37:03:946,(1.326. 0.817. 2.793),(0.854. -0.148. 0.067. 0.494)
15:37:03:957,(1.326. 0.817. 2.793),(0.854. -0.148. 0.067. 0.495)
15:37:03:969,(1.326. 0.817. 2.793),(0.854. -0.148. 0.067. 0.495)
15:37:03:984,(1.326. 0.817. 2.793),(0.854. -0.148. 0.067. 0.495)
15:37:03:994,(1.326. 0.817. 2.793),(0.854. -0.148. 0.067. 0.495)
15:37:04:005,(1.326. 0.817. 2.793),(0.854. -0.148. 0.067. 0.495)
15:37:04:015,(1.326. 0.817. 2.793),(0.854. -0.148. 0.067. 0.495)
15:37:04:025,(1.326. 0.817. 2.793),(0.854. -0.148. 0.067. 0.495)
15:37:04:035,(1.326. 0.817. 2.793),(0.854. -0.148. 0.067. 0.495)
15:37:04:046,(1.326. 0.817. 2.793),(0.854. -0.148. 0.067. 0.495)
15:37:04:057,(1.326. 0.817. 2.793),(0.854. -0.148. 0.067. 0.495)
15:37:04:068,(1.326. 0.817. 2.793),(0.854. -0.148. 0.067. 0.495)
15:37:04:08,(1.326. 0.817. 2.793),(0.854. -0.148. 0.067. 0.495)
15:37:04:091,(1.326. 0.817. 2.793),(0.854. -0.148. 0.067. 0.495)
15:37:04:102,(1.326. 0.817. 2.793),(0.854. -0.148. 0.067. 0.495)
15:37:04:114,(1.326. 0.817. 2.793),(0.854. -0.148. 0.067. 0.495)
15:37:04:128,(1.326. 0.817. 2.793),(0.854. -0.148. 0.067. 0.495)
15:37:04:138,(1.326. 0.817. 2.793),(0.854. -0.148. 0.067. 0.495)
15:37:04:149,(1.326. 0.817. 2.793),(0.854. -0.148. 0.067. 0.495)
15:37:04:16,(1.326. 0.817. 2.793),(0.854. -0.148. 0.067. 0.495)
15:37:04:171,(1.326. 0.817. 2.793),(0.854. -0.148. 0.067. 0.495)
15:37:04:182,(1.326. 0.817. 2.793),(0.854. -0.148. 0.067. 0.495)
15:37:04:195,(1.326. 0.817. 2.793),(0.854. -0.148. 0.067. 0.495)
15:37:04:205,(1.326. 0.817. 2.793),(0.854. -0.148. 0.067. 0.495)
15:37:04:216,(1.326. 0.817. 2.793),(0.854. -0.148. 0.067. 0.495)
15:37:04:227,(1.326. 0.817. 2.793),(0.854. -0.148. 0.067. 0.495)
15:37:04:238,(1.326. 0.817. 2.793),(0.854. -0.148. 0.067. 0.495)
15:37:04:248,(1.326. 0.817. 2.793),(0.854. -0.148. 0.067. 0.495)
15:37:04:258,(1.326. 0.817. 2.793),(0.854. -0.148. 0.067. 0.495)
15:37:04:269,(1.326. 0.817. 2.793),(0.854. -0.148. 0.067. 0.495)
15:37:04:28,(1.326. 0.817. 2.793),(0.854. -0.148. 0.067. 0.495)
15:37:04:292,(1.326. 0.817. 2.793),(0.854. -0.148. 0.067. 0.495)
15:37:04:304,(1.326. 0.817. 2.793),(0.854. -0.148. 0.067. 0.495)
15:37:04:315,(1.326. 0.817. 2.793),(0.854. -0.148. 0.067. 0.495)
15:37:04:326,(1.326. 0.817. 2.793),(0.854. -0.148. 0.067. 0.495)
15:37:04:337,(1.326. 0.817. 2.793),(0.854. -0.148. 0.067. 0.495)
15:37:04:348,(1.326. 0.817. 2.793),(0.854. -0.148. 0.067. 0.495)
15:37:04:359,(1.326. 0.817. 2.793),(0.854. -0.148. 0.067. 0.495)
15:37:04:369,(1.326. 0.817. 2.793),(0.854. -0.148. 0.067. 0.495)
15:37:04:381,(1.326. 0.817. 2.793),(0.854. -0.148. 0.067. 0.495)
15:37:04:402,(1.326. 0.817. 2.793),(0.854. -0.148. 0.067. 0.495)
15:37:04:413,(1.326. 0.817. 2.793),(0.854. -0.148. 0.067. 0.495)
15:37:04:426,(1.326. 0.817. 2.792),(0.854. -0.148. 0.067. 0.495)
15:37:04:437,(1.326. 0.817. 2.792),(0.854. -0.148. 0.067. 0.495)
15:37:04:447,(1.326. 0.817. 2.792),(0.854. -0.148. 0.067. 0.495)
15:37:04:458,(1.326. 0.817. 2.792),(0.854. -0.148. 0.067. 0.495)
15:37:04:469,(1.326. 0.817. 2.792),(0.854. -0.148. 0.067. 0.495)
15:37:04:481,(1.326. 0.817. 2.792),(0.854. -0.148. 0.067. 0.495)
15:37:04:492,(1.326. 0.817. 2.792),(0.854. -0.148. 0.067. 0.495)
15:37:04:503,(1.326. 0.817. 2.792),(0.854. -0.148. 0.067. 0.495)
15:37:04:515,(1.326. 0.817. 2.792),(0.854. -0.148. 0.067. 0.495)
15:37:04:526,(1.326. 0.817. 2.792),(0.854. -0.148. 0.067. 0.495)
15:37:04:542,(1.326. 0.817. 2.792),(0.854. -0.148. 0.067. 0.495)
15:37:04:556,(1.326. 0.817. 2.792),(0.854. -0.148. 0.067. 0.495)
15:37:04:568,(1.326. 0.817. 2.792),(0.854. -0.148. 0.067. 0.495)
15:37:04:579,(1.326. 0.817. 2.792),(0.854. -0.148. 0.067. 0.495)
15:37:04:591,(1.326. 0.817. 2.792),(0.854. -0.148. 0.067. 0.495)
15:37:04:601,(1.326. 0.817. 2.792),(0.854. -0.148. 0.067. 0.495)
15:37:04:612,(1.326. 0.817. 2.792),(0.854. -0.148. 0.067. 0.495)
15:37:04:623,(1.326. 0.817. 2.792),(0.854. -0.148. 0.067. 0.495)
15:37:04:635,(1.326. 0.817. 2.792),(0.854. -0.148. 0.067. 0.495)
15:37:04:646,(1.326. 0.817. 2.792),(0.854. -0.148. 0.067. 0.495)
15:37:04:657,(1.326. 0.817. 2.792),(0.854. -0.148. 0.067. 0.495)
15:37:04:668,(1.326. 0.817. 2.792),(0.854. -0.148. 0.067. 0.494)
15:37:04:68,(1.326. 0.817. 2.792),(0.854. -0.148. 0.067. 0.495)
15:37:04:691,(1.326. 0.817. 2.792),(0.854. -0.148. 0.067. 0.495)
15:37:04:702,(1.326. 0.817. 2.792),(0.854. -0.148. 0.067. 0.495)
15:37:04:713,(1.326. 0.817. 2.792),(0.854. -0.148. 0.067. 0.495)
15:37:04:724,(1.326. 0.817. 2.792),(0.854. -0.148. 0.067. 0.495)
15:37:04:736,(1.326. 0.817. 2.792),(0.854. -0.148. 0.067. 0.495)
15:37:04:748,(1.326. 0.817. 2.792),(0.854. -0.148. 0.067. 0.495)
15:37:04:758,(1.326. 0.817. 2.792),(0.854. -0.148. 0.067. 0.495)
15:37:04:77,(1.326. 0.817. 2.792),(0.854. -0.148. 0.067. 0.494)
15:37:04:781,(1.326. 0.817. 2.792),(0.854. -0.148. 0.067. 0.494)
15:37:04:791,(1.326. 0.817. 2.792),(0.854. -0.148. 0.067. 0.494)
15:37:04:801,(1.326. 0.817. 2.792),(0.854. -0.148. 0.067. 0.494)
15:37:04:813,(1.326. 0.817. 2.792),(0.854. -0.148. 0.067. 0.494)
15:37:04:824,(1.326. 0.817. 2.792),(0.854. -0.148. 0.067. 0.494)
15:37:04:837,(1.326. 0.817. 2.792),(0.854. -0.148. 0.067. 0.494)
15:37:04:848,(1.326. 0.817. 2.792),(0.854. -0.148. 0.067. 0.494)
15:37:04:859,(1.326. 0.817. 2.792),(0.854. -0.148. 0.067. 0.494)
15:37:04:87,(1.326. 0.817. 2.792),(0.854. -0.148. 0.067. 0.494)
15:37:04:884,(1.326. 0.817. 2.792),(0.854. -0.148. 0.067. 0.494)
15:37:04:896,(1.326. 0.817. 2.792),(0.854. -0.148. 0.067. 0.494)
15:37:04:907,(1.326. 0.817. 2.792),(0.854. -0.148. 0.067. 0.494)
15:37:04:92,(1.326. 0.817. 2.792),(0.854. -0.148. 0.067. 0.494)
15:37:04:934,(1.326. 0.816. 2.792),(0.854. -0.148. 0.067. 0.494)
15:37:04:946,(1.326. 0.817. 2.792),(0.854. -0.148. 0.067. 0.494)
15:37:04:957,(1.326. 0.816. 2.792),(0.854. -0.148. 0.067. 0.494)
15:37:04:969,(1.326. 0.817. 2.792),(0.854. -0.148. 0.067. 0.494)
15:37:04:98,(1.326. 0.817. 2.792),(0.854. -0.148. 0.067. 0.494)
15:37:04:992,(1.326. 0.817. 2.792),(0.854. -0.148. 0.067. 0.494)
15:37:05:004,(1.326. 0.817. 2.792),(0.854. -0.148. 0.067. 0.494)
15:37:05:014,(1.326. 0.817. 2.792),(0.854. -0.148. 0.067. 0.494)
15:37:05:026,(1.326. 0.817. 2.792),(0.854. -0.148. 0.067. 0.494)
15:37:05:037,(1.326. 0.817. 2.792),(0.854. -0.148. 0.067. 0.494)
15:37:05:05,(1.326. 0.817. 2.792),(0.854. -0.148. 0.067. 0.494)
15:37:05:062,(1.326. 0.817. 2.792),(0.854. -0.149. 0.067. 0.494)
15:37:05:073,(1.326. 0.817. 2.792),(0.854. -0.149. 0.067. 0.494)
15:37:05:084,(1.326. 0.817. 2.792),(0.854. -0.149. 0.067. 0.494)
15:37:05:1,(1.326. 0.817. 2.792),(0.854. -0.148. 0.067. 0.494)
15:37:05:111,(1.326. 0.817. 2.792),(0.854. -0.148. 0.067. 0.494)
15:37:05:124,(1.326. 0.817. 2.792),(0.854. -0.148. 0.067. 0.494)
15:37:05:136,(1.326. 0.817. 2.792),(0.854. -0.148. 0.067. 0.494)
15:37:05:148,(1.326. 0.817. 2.792),(0.854. -0.149. 0.067. 0.494)
15:37:05:16,(1.326. 0.817. 2.792),(0.854. -0.149. 0.067. 0.494)
15:37:05:171,(1.326. 0.817. 2.792),(0.854. -0.148. 0.067. 0.494)
15:37:05:182,(1.326. 0.817. 2.792),(0.854. -0.149. 0.067. 0.494)
15:37:05:192,(1.326. 0.817. 2.793),(0.854. -0.149. 0.067. 0.494)
15:37:05:202,(1.326. 0.817. 2.793),(0.854. -0.148. 0.067. 0.494)
15:37:05:212,(1.326. 0.817. 2.793),(0.854. -0.148. 0.067. 0.494)
15:37:05:223,(1.326. 0.817. 2.792),(0.854. -0.148. 0.067. 0.494)
15:37:05:234,(1.326. 0.817. 2.793),(0.854. -0.148. 0.067. 0.494)
15:37:05:245,(1.326. 0.817. 2.793),(0.854. -0.149. 0.067. 0.494)
15:37:05:256,(1.326. 0.817. 2.793),(0.854. -0.149. 0.067. 0.494)
15:37:05:268,(1.326. 0.817. 2.792),(0.854. -0.149. 0.067. 0.494)
15:37:05:279,(1.326. 0.817. 2.792),(0.854. -0.149. 0.067. 0.494)
15:37:05:29,(1.326. 0.817. 2.792),(0.854. -0.149. 0.067. 0.494)
15:37:05:301,(1.326. 0.817. 2.792),(0.854. -0.149. 0.067. 0.494)
15:37:05:313,(1.326. 0.817. 2.792),(0.854. -0.148. 0.067. 0.494)
15:37:05:323,(1.326. 0.817. 2.792),(0.854. -0.149. 0.067. 0.494)
15:37:05:334,(1.326. 0.817. 2.792),(0.854. -0.148. 0.067. 0.494)
15:37:05:346,(1.326. 0.817. 2.792),(0.854. -0.148. 0.067. 0.494)
15:37:05:357,(1.326. 0.817. 2.792),(0.854. -0.149. 0.067. 0.494)
15:37:05:368,(1.326. 0.817. 2.793),(0.854. -0.148. 0.067. 0.494)
15:37:05:379,(1.326. 0.817. 2.793),(0.854. -0.149. 0.067. 0.494)
15:37:05:39,(1.326. 0.817. 2.793),(0.854. -0.148. 0.067. 0.494)
15:37:05:401,(1.326. 0.817. 2.792),(0.854. -0.149. 0.067. 0.494)
15:37:05:412,(1.326. 0.817. 2.792),(0.854. -0.148. 0.067. 0.494)
15:37:05:423,(1.326. 0.817. 2.792),(0.854. -0.149. 0.067. 0.494)
15:37:05:435,(1.326. 0.817. 2.793),(0.854. -0.148. 0.067. 0.494)
15:37:05:446,(1.326. 0.817. 2.792),(0.854. -0.149. 0.067. 0.494)
15:37:05:457,(1.326. 0.817. 2.792),(0.854. -0.149. 0.067. 0.494)
15:37:05:468,(1.326. 0.817. 2.792),(0.854. -0.148. 0.067. 0.494)
15:37:05:478,(1.326. 0.817. 2.792),(0.854. -0.149. 0.067. 0.494)
15:37:05:49,(1.326. 0.817. 2.792),(0.854. -0.149. 0.067. 0.494)
15:37:05:5,(1.326. 0.817. 2.792),(0.854. -0.148. 0.067. 0.494)
15:37:05:511,(1.326. 0.817. 2.792),(0.854. -0.149. 0.067. 0.494)
15:37:05:523,(1.326. 0.817. 2.793),(0.854. -0.148. 0.067. 0.494)
15:37:05:534,(1.326. 0.817. 2.793),(0.854. -0.149. 0.067. 0.494)
15:37:05:545,(1.326. 0.817. 2.793),(0.854. -0.148. 0.067. 0.494)
15:37:05:556,(1.326. 0.817. 2.793),(0.854. -0.149. 0.067. 0.494)
15:37:05:568,(1.326. 0.817. 2.793),(0.854. -0.149. 0.067. 0.494)
15:37:05:579,(1.326. 0.817. 2.793),(0.854. -0.149. 0.067. 0.494)
15:37:05:591,(1.326. 0.817. 2.792),(0.854. -0.149. 0.067. 0.494)
15:37:05:602,(1.326. 0.817. 2.792),(0.854. -0.149. 0.067. 0.494)
15:37:05:613,(1.326. 0.817. 2.792),(0.854. -0.149. 0.067. 0.494)
15:37:05:624,(1.326. 0.817. 2.793),(0.854. -0.149. 0.067. 0.494)
15:37:05:634,(1.326. 0.817. 2.793),(0.854. -0.148. 0.067. 0.494)
15:37:05:649,(1.326. 0.817. 2.793),(0.854. -0.149. 0.067. 0.494)
15:37:05:662,(1.326. 0.817. 2.793),(0.854. -0.148. 0.067. 0.494)
15:37:05:672,(1.326. 0.817. 2.793),(0.854. -0.149. 0.067. 0.494)
15:37:05:685,(1.326. 0.817. 2.793),(0.854. -0.149. 0.067. 0.494)
15:37:05:695,(1.326. 0.817. 2.793),(0.854. -0.149. 0.067. 0.494)
15:37:05:706,(1.326. 0.817. 2.792),(0.854. -0.149. 0.067. 0.494)
15:37:05:716,(1.326. 0.817. 2.793),(0.854. -0.149. 0.067. 0.494)
15:37:05:727,(1.326. 0.817. 2.793),(0.854. -0.149. 0.067. 0.494)
15:37:05:739,(1.326. 0.817. 2.793),(0.854. -0.149. 0.067. 0.494)
15:37:05:75,(1.326. 0.817. 2.793),(0.854. -0.149. 0.067. 0.494)
15:37:05:762,(1.326. 0.817. 2.793),(0.854. -0.149. 0.067. 0.494)
15:37:05:772,(1.326. 0.817. 2.793),(0.854. -0.149. 0.067. 0.494)
15:37:05:783,(1.326. 0.817. 2.793),(0.854. -0.149. 0.067. 0.494)
15:37:05:793,(1.326. 0.817. 2.793),(0.854. -0.149. 0.067. 0.494)
15:37:05:803,(1.326. 0.817. 2.793),(0.854. -0.149. 0.067. 0.494)
15:37:05:814,(1.326. 0.817. 2.793),(0.854. -0.149. 0.067. 0.494)
15:37:05:825,(1.326. 0.817. 2.792),(0.854. -0.149. 0.067. 0.494)
15:37:05:835,(1.326. 0.817. 2.792),(0.854. -0.149. 0.067. 0.494)
15:37:05:846,(1.326. 0.817. 2.792),(0.854. -0.149. 0.067. 0.494)
15:37:05:857,(1.326. 0.817. 2.792),(0.854. -0.149. 0.067. 0.494)
15:37:05:867,(1.326. 0.817. 2.793),(0.854. -0.149. 0.067. 0.494)
15:37:05:879,(1.326. 0.817. 2.793),(0.854. -0.149. 0.067. 0.494)
15:37:05:89,(1.326. 0.817. 2.793),(0.854. -0.149. 0.067. 0.494)
15:37:05:901,(1.326. 0.817. 2.793),(0.854. -0.148. 0.067. 0.494)
15:37:05:912,(1.326. 0.817. 2.792),(0.854. -0.149. 0.067. 0.494)
15:37:05:923,(1.326. 0.817. 2.792),(0.854. -0.149. 0.067. 0.494)
15:37:05:934,(1.326. 0.817. 2.792),(0.854. -0.149. 0.067. 0.494)
15:37:05:946,(1.326. 0.817. 2.793),(0.854. -0.149. 0.067. 0.494)
15:37:05:957,(1.326. 0.817. 2.792),(0.854. -0.149. 0.067. 0.494)
15:37:05:967,(1.326. 0.817. 2.793),(0.854. -0.149. 0.067. 0.494)
15:37:05:978,(1.326. 0.817. 2.793),(0.854. -0.149. 0.067. 0.494)
15:37:05:989,(1.326. 0.817. 2.793),(0.854. -0.149. 0.067. 0.494)
15:37:06:,(1.326. 0.817. 2.793),(0.854. -0.149. 0.067. 0.494)
15:37:06:011,(1.326. 0.817. 2.793),(0.854. -0.149. 0.067. 0.494)
15:37:06:023,(1.326. 0.817. 2.793),(0.854. -0.149. 0.067. 0.494)
15:37:06:034,(1.326. 0.817. 2.793),(0.854. -0.149. 0.067. 0.494)
15:37:06:046,(1.326. 0.817. 2.793),(0.854. -0.149. 0.067. 0.494)
15:37:06:056,(1.326. 0.817. 2.793),(0.854. -0.149. 0.067. 0.494)
15:37:06:068,(1.326. 0.817. 2.793),(0.854. -0.149. 0.067. 0.494)
15:37:06:079,(1.326. 0.817. 2.792),(0.854. -0.149. 0.067. 0.494)
15:37:06:09,(1.326. 0.817. 2.793),(0.854. -0.149. 0.067. 0.494)
15:37:06:102,(1.326. 0.817. 2.793),(0.854. -0.149. 0.067. 0.494)
15:37:06:112,(1.326. 0.817. 2.793),(0.854. -0.149. 0.067. 0.494)
15:37:06:123,(1.326. 0.817. 2.793),(0.854. -0.149. 0.067. 0.494)
15:37:06:134,(1.326. 0.817. 2.793),(0.854. -0.149. 0.067. 0.494)
15:37:06:146,(1.326. 0.817. 2.793),(0.854. -0.149. 0.067. 0.494)
15:37:06:156,(1.326. 0.817. 2.793),(0.854. -0.149. 0.067. 0.494)
15:37:06:171,(1.326. 0.817. 2.793),(0.854. -0.149. 0.067. 0.494)
15:37:06:182,(1.326. 0.817. 2.793),(0.854. -0.149. 0.067. 0.494)
15:37:06:192,(1.326. 0.817. 2.793),(0.854. -0.148. 0.067. 0.494)
15:37:06:203,(1.326. 0.817. 2.793),(0.854. -0.148. 0.067. 0.494)
15:37:06:213,(1.326. 0.817. 2.793),(0.854. -0.149. 0.067. 0.494)
15:37:06:223,(1.326. 0.817. 2.793),(0.854. -0.149. 0.067. 0.494)
15:37:06:234,(1.326. 0.817. 2.793),(0.854. -0.149. 0.067. 0.494)
15:37:06:245,(1.326. 0.817. 2.793),(0.854. -0.149. 0.067. 0.494)
15:37:06:256,(1.326. 0.817. 2.793),(0.854. -0.149. 0.067. 0.494)
15:37:06:267,(1.326. 0.817. 2.793),(0.854. -0.149. 0.067. 0.494)
15:37:06:278,(1.326. 0.817. 2.793),(0.854. -0.149. 0.067. 0.494)
15:37:06:289,(1.326. 0.817. 2.793),(0.854. -0.149. 0.067. 0.494)
15:37:06:3,(1.326. 0.817. 2.793),(0.854. -0.149. 0.067. 0.494)
15:37:06:312,(1.326. 0.817. 2.793),(0.854. -0.149. 0.067. 0.494)
15:37:06:323,(1.326. 0.817. 2.793),(0.854. -0.149. 0.067. 0.494)
15:37:06:334,(1.326. 0.817. 2.793),(0.854. -0.149. 0.067. 0.494)
15:37:06:345,(1.326. 0.817. 2.793),(0.854. -0.149. 0.067. 0.494)
15:37:06:356,(1.326. 0.817. 2.793),(0.854. -0.149. 0.067. 0.494)
15:37:06:367,(1.326. 0.817. 2.793),(0.854. -0.149. 0.067. 0.494)
15:37:06:379,(1.326. 0.817. 2.793),(0.854. -0.149. 0.067. 0.494)
15:37:06:39,(1.326. 0.817. 2.793),(0.854. -0.149. 0.067. 0.494)
15:37:06:401,(1.326. 0.817. 2.793),(0.854. -0.149. 0.067. 0.494)
15:37:06:412,(1.326. 0.817. 2.793),(0.854. -0.149. 0.067. 0.494)
15:37:06:423,(1.326. 0.817. 2.793),(0.854. -0.149. 0.067. 0.494)
15:37:06:434,(1.326. 0.817. 2.793),(0.854. -0.149. 0.067. 0.494)
15:37:06:445,(1.326. 0.817. 2.793),(0.854. -0.149. 0.067. 0.494)
15:37:06:456,(1.326. 0.817. 2.793),(0.854. -0.149. 0.067. 0.494)
15:37:06:467,(1.326. 0.817. 2.793),(0.854. -0.149. 0.067. 0.494)
15:37:06:479,(1.326. 0.817. 2.793),(0.854. -0.149. 0.067. 0.494)
15:37:06:489,(1.326. 0.817. 2.793),(0.854. -0.149. 0.067. 0.494)
15:37:06:501,(1.326. 0.817. 2.793),(0.854. -0.149. 0.067. 0.494)
15:37:06:512,(1.326. 0.817. 2.793),(0.854. -0.149. 0.067. 0.494)
15:37:06:523,(1.326. 0.817. 2.793),(0.854. -0.149. 0.067. 0.494)
15:37:06:533,(1.326. 0.817. 2.793),(0.854. -0.149. 0.067. 0.494)
15:37:06:544,(1.326. 0.817. 2.793),(0.854. -0.149. 0.067. 0.494)
15:37:06:556,(1.326. 0.817. 2.793),(0.854. -0.149. 0.067. 0.494)
15:37:06:567,(1.326. 0.817. 2.793),(0.854. -0.149. 0.067. 0.494)
15:37:06:578,(1.326. 0.817. 2.793),(0.854. -0.149. 0.067. 0.494)
15:37:06:589,(1.326. 0.817. 2.793),(0.854. -0.149. 0.067. 0.494)
15:37:06:6,(1.326. 0.817. 2.793),(0.854. -0.149. 0.067. 0.494)
15:37:06:612,(1.326. 0.817. 2.793),(0.854. -0.149. 0.067. 0.494)
15:37:06:622,(1.326. 0.817. 2.793),(0.854. -0.149. 0.067. 0.494)
15:37:06:633,(1.326. 0.817. 2.793),(0.854. -0.149. 0.067. 0.494)
15:37:06:644,(1.326. 0.817. 2.793),(0.854. -0.149. 0.067. 0.494)
15:37:06:656,(1.326. 0.817. 2.793),(0.854. -0.149. 0.067. 0.494)
15:37:06:667,(1.326. 0.817. 2.793),(0.854. -0.149. 0.067. 0.494)
15:37:06:678,(1.326. 0.817. 2.793),(0.854. -0.149. 0.067. 0.494)
15:37:06:69,(1.326. 0.817. 2.793),(0.854. -0.149. 0.067. 0.494)
15:37:06:702,(1.326. 0.817. 2.793),(0.854. -0.149. 0.067. 0.494)
15:37:06:716,(1.326. 0.817. 2.793),(0.854. -0.149. 0.067. 0.494)
15:37:06:726,(1.326. 0.817. 2.793),(0.854. -0.149. 0.067. 0.494)
15:37:06:736,(1.326. 0.817. 2.793),(0.854. -0.149. 0.067. 0.494)
15:37:06:746,(1.326. 0.817. 2.793),(0.854. -0.149. 0.067. 0.494)
15:37:06:757,(1.326. 0.817. 2.793),(0.854. -0.149. 0.067. 0.494)
15:37:06:768,(1.326. 0.817. 2.793),(0.854. -0.149. 0.067. 0.494)
